league_id,league_name,league_type,league_logo,country_name,country_code,country_flag,season,season_start,season_end,season_current,coverage_standings,coverage_players,coverage_top_scorers,coverage_top_assists,coverage_top_cards,coverage_injuries,coverage_predictions,coverage_odds,coverage_fixtures_events,coverage_fixtures_lineups,coverage_fixtures_statistics_fixtures,coverage_fixtures_statistics_players,ingestion_date,source_file
140,La Liga,League,https://media.api-sports.io/football/leagues/140.png,Spain,ES,https://media.api-sports.io/flags/es.svg,2024,2024-08-15,2025-05-25,False,True,True,True,True,True,True,True,False,True,True,True,True,2026-05-07,leagues/2026-04-28/leagues_spain_2024.json
141,Segunda División,League,https://media.api-sports.io/football/leagues/141.png,Spain,ES,https://media.api-sports.io/flags/es.svg,2024,2024-08-15,2025-06-21,False,True,True,True,True,True,False,True,False,True,True,True,True,2026-05-07,leagues/2026-04-28/leagues_spain_2024.json
556,Super Cup,Cup,https://media.api-sports.io/football/leagues/556.png,Spain,ES,https://media.api-sports.io/flags/es.svg,2024,2025-01-08,2025-01-12,False,False,True,True,True,True,False,True,False,True,True,True,True,2026-05-07,leagues/2026-04-28/leagues_spain_2024.json
436,Primera División RFEF - Group 2,League,https://media.api-sports.io/football/leagues/436.png,Spain,ES,https://media.api-sports.io/flags/es.svg,2024,2024-08-25,2025-05-25,False,True,True,True,True,True,False,True,False,True,True,False,False,2026-05-07,leagues/2026-04-28/leagues_spain_2024.json
435,Primera División RFEF - Group 1,League,https://media.api-sports.io/football/leagues/435.png,Spain,ES,https://media.api-sports.io/flags/es.svg,2024,2024-08-25,2025-05-25,False,True,True,True,True,True,False,True,False,True,True,False,False,2026-05-07,leagues/2026-04-28/leagues_spain_2024.json
875,Segunda División RFEF - Group 1,League,https://media.api-sports.io/football/leagues/875.png,Spain,ES,https://media.api-sports.io/flags/es.svg,2024,2024-09-01,2025-05-04,False,True,True,True,True,True,False,True,False,True,True,False,False,2026-05-07,leagues/2026-04-28/leagues_spain_2024.json
879,Segunda División RFEF - Group 5,League,https://media.api-sports.io/football/leagues/879.png,Spain,ES,https://media.api-sports.io/flags/es.svg,2024,2024-09-01,2025-05-04,False,True,True,True,True,True,False,True,False,True,True,False,False,2026-05-07,leagues/2026-04-28/leagues_spain_2024.json
878,Segunda División RFEF - Group 4,League,https://media.api-sports.io/football/leagues/878.png,Spain,ES,https://media.api-sports.io/flags/es.svg,2024,2024-09-01,2025-05-04,False,True,True,True,True,True,False,True,False,True,True,False,False,2026-05-07,leagues/2026-04-28/leagues_spain_2024.json
877,Segunda División RFEF - Group 3,League,https://media.api-sports.io/football/leagues/877.png,Spain,ES,https://media.api-sports.io/flags/es.svg,2024,2024-09-01,2025-05-04,False,True,True,True,True,True,False,True,False,True,True,False,False,2026-05-07,leagues/2026-04-28/leagues_spain_2024.json
876,Segunda División RFEF - Group 2,League,https://media.api-sports.io/football/leagues/876.png,Spain,ES,https://media.api-sports.io/flags/es.svg,2024,2024-09-01,2025-05-04,False,True,True,True,True,True,False,True,False,True,True,False,False,2026-05-07,leagues/2026-04-28/leagues_spain_2024.json
441,Tercera División RFEF - Group 3,League,https://media.api-sports.io/football/leagues/441.png,Spain,ES,https://media.api-sports.io/flags/es.svg,2024,2024-09-08,2025-05-11,False,True,True,True,True,True,False,True,False,True,True,False,False,2026-05-07,leagues/2026-04-28/leagues_spain_2024.json
442,Tercera División RFEF - Group 4,League,https://media.api-sports.io/football/leagues/442.png,Spain,ES,https://media.api-sports.io/flags/es.svg,2024,2024-09-07,2025-05-11,False,True,True,True,True,True,False,True,False,True,True,False,False,2026-05-07,leagues/2026-04-28/leagues_spain_2024.json
443,Tercera División RFEF - Group 5,League,https://media.api-sports.io/football/leagues/443.png,Spain,ES,https://media.api-sports.io/flags/es.svg,2024,2024-09-08,2025-05-11,False,True,True,True,True,True,False,True,False,True,True,False,False,2026-05-07,leagues/2026-04-28/leagues_spain_2024.json
446,Tercera División RFEF - Group 8,League,https://media.api-sports.io/football/leagues/446.png,Spain,ES,https://media.api-sports.io/flags/es.svg,2024,2024-09-07,2025-05-11,False,True,True,True,True,True,False,True,False,True,True,False,False,2026-05-07,leagues/2026-04-28/leagues_spain_2024.json
449,Tercera División RFEF - Group 11,League,https://media.api-sports.io/football/leagues/449.png,Spain,ES,https://media.api-sports.io/flags/es.svg,2024,2024-09-07,2025-05-11,False,True,True,True,True,True,False,True,False,True,True,False,False,2026-05-07,leagues/2026-04-28/leagues_spain_2024.json
455,Tercera División RFEF - Group 17,League,https://media.api-sports.io/football/leagues/455.png,Spain,ES,https://media.api-sports.io/flags/es.svg,2024,2024-09-07,2025-05-11,False,True,True,True,True,True,False,True,False,True,True,False,False,2026-05-07,leagues/2026-04-28/leagues_spain_2024.json
440,Tercera División RFEF - Group 2,League,https://media.api-sports.io/football/leagues/440.png,Spain,ES,https://media.api-sports.io/flags/es.svg,2024,2024-09-08,2025-05-11,False,True,True,True,True,True,False,True,False,True,True,False,False,2026-05-07,leagues/2026-04-28/leagues_spain_2024.json
439,Tercera División RFEF - Group 1,League,https://media.api-sports.io/football/leagues/439.png,Spain,ES,https://media.api-sports.io/flags/es.svg,2024,2024-09-08,2025-05-11,False,True,True,True,True,True,False,True,False,True,True,False,False,2026-05-07,leagues/2026-04-28/leagues_spain_2024.json
450,Tercera División RFEF - Group 12,League,https://media.api-sports.io/football/leagues/450.png,Spain,ES,https://media.api-sports.io/flags/es.svg,2024,2024-09-06,2025-05-11,False,True,True,True,True,True,False,True,False,True,True,False,False,2026-05-07,leagues/2026-04-28/leagues_spain_2024.json
452,Tercera División RFEF - Group 14,League,https://media.api-sports.io/football/leagues/452.png,Spain,ES,https://media.api-sports.io/flags/es.svg,2024,2024-09-07,2025-05-11,False,True,True,True,True,True,False,True,False,True,True,False,False,2026-05-07,leagues/2026-04-28/leagues_spain_2024.json
453,Tercera División RFEF - Group 15,League,https://media.api-sports.io/football/leagues/453.png,Spain,ES,https://media.api-sports.io/flags/es.svg,2024,2024-09-06,2025-05-11,False,True,True,True,True,True,False,True,False,True,True,False,False,2026-05-07,leagues/2026-04-28/leagues_spain_2024.json
456,Tercera División RFEF - Group 18,League,https://media.api-sports.io/football/leagues/456.png,Spain,ES,https://media.api-sports.io/flags/es.svg,2024,2024-09-07,2025-05-11,False,True,True,True,True,True,False,True,False,True,True,False,False,2026-05-07,leagues/2026-04-28/leagues_spain_2024.json
451,Tercera División RFEF - Group 13,League,https://media.api-sports.io/football/leagues/451.png,Spain,ES,https://media.api-sports.io/flags/es.svg,2024,2024-09-08,2025-05-11,False,True,True,True,True,True,False,True,False,True,True,False,False,2026-05-07,leagues/2026-04-28/leagues_spain_2024.json
454,Tercera División RFEF - Group 16,League,https://media.api-sports.io/football/leagues/454.png,Spain,ES,https://media.api-sports.io/flags/es.svg,2024,2024-09-08,2025-05-11,False,True,True,True,True,True,False,True,False,True,True,False,False,2026-05-07,leagues/2026-04-28/leagues_spain_2024.json
445,Tercera División RFEF - Group 7,League,https://media.api-sports.io/football/leagues/445.png,Spain,ES,https://media.api-sports.io/flags/es.svg,2024,2024-09-08,2025-05-11,False,True,True,True,True,True,False,True,False,True,True,False,False,2026-05-07,leagues/2026-04-28/leagues_spain_2024.json
448,Tercera División RFEF - Group 10,League,https://media.api-sports.io/football/leagues/448.png,Spain,ES,https://media.api-sports.io/flags/es.svg,2024,2024-09-08,2025-05-11,False,True,True,True,True,True,False,True,False,True,True,False,False,2026-05-07,leagues/2026-04-28/leagues_spain_2024.json
142,Primera División Femenina,League,https://media.api-sports.io/football/leagues/142.png,Spain,ES,https://media.api-sports.io/flags/es.svg,2024,2024-09-08,2025-05-18,False,True,True,True,True,True,False,True,False,True,True,True,True,2026-05-07,leagues/2026-04-28/leagues_spain_2024.json
444,Tercera División RFEF - Group 6,League,https://media.api-sports.io/football/leagues/444.png,Spain,ES,https://media.api-sports.io/flags/es.svg,2024,2024-09-06,2025-05-11,False,True,True,True,True,True,False,True,False,True,True,False,False,2026-05-07,leagues/2026-04-28/leagues_spain_2024.json
447,Tercera División RFEF - Group 9,League,https://media.api-sports.io/football/leagues/447.png,Spain,ES,https://media.api-sports.io/flags/es.svg,2024,2024-09-07,2025-05-11,False,True,True,True,True,True,False,True,False,True,True,False,False,2026-05-07,leagues/2026-04-28/leagues_spain_2024.json
1058,Supercopa Femenina,Cup,https://media.api-sports.io/football/leagues/1058.png,Spain,ES,https://media.api-sports.io/flags/es.svg,2024,2025-01-22,2025-01-26,False,False,True,True,True,True,False,True,False,True,True,False,False,2026-05-07,leagues/2026-04-28/leagues_spain_2024.json
735,Copa Federacion,Cup,https://media.api-sports.io/football/leagues/735.png,Spain,ES,https://media.api-sports.io/flags/es.svg,2024,2024-09-25,2024-11-13,False,False,False,False,False,False,False,True,False,True,False,False,False,2026-05-07,leagues/2026-04-28/leagues_spain_2024.json
143,Copa del Rey,Cup,https://media.api-sports.io/football/leagues/143.png,Spain,ES,https://media.api-sports.io/flags/es.svg,2024,2024-10-09,2025-04-25,False,False,True,True,True,True,False,True,False,True,True,True,True,2026-05-07,leagues/2026-04-28/leagues_spain_2024.json
1000,Segunda División RFEF - Play-offs,League,https://media.api-sports.io/football/leagues/1000.png,Spain,ES,https://media.api-sports.io/flags/es.svg,2024,2025-05-10,2025-05-30,True,False,True,True,True,True,False,True,False,True,True,False,False,2026-05-07,leagues/2026-04-28/leagues_spain_2024.json
977,Tercera División RFEF - Promotion - Play-offs,League,https://media.api-sports.io/football/leagues/977.png,Spain,ES,https://media.api-sports.io/flags/es.svg,2024,2025-05-17,2025-06-22,True,False,True,True,True,True,False,True,False,True,True,False,False,2026-05-07,leagues/2026-04-28/leagues_spain_2024.json
1006,Primera División RFEF - Play Offs,League,https://media.api-sports.io/football/leagues/1006.png,Spain,ES,https://media.api-sports.io/flags/es.svg,2024,2025-05-28,2025-06-22,True,False,True,True,True,True,True,True,False,True,True,False,False,2026-05-07,leagues/2026-04-28/leagues_spain_2024.json
