season,player_id,player_name,matches,minutes_total,minutes_avg,rating_avg,starts,sub_apps
2024,20,Axel Witsel,5,135.0,67.5,6.9,2,3
2024,23,Sergio Gómez,6,418.0,69.66666666666667,7.016666666666667,5,1
2024,29,Jan Oblak,4,360.0,90.0,7.0,4,0
2024,31,José María Giménez,5,315.0,78.75,7.375,3,2
2024,48,Saúl Ñíguez,2,179.0,89.5,7.15,2,0
2024,50,Koke,5,363.0,72.6,6.859999999999999,4,1
2024,52,Sergio Camello,5,258.0,51.6,6.82,3,2
2024,53,Ángel Correa,5,120.0,24.0,6.9799999999999995,0,5
2024,56,Antoine Griezmann,5,364.0,72.8,7.42,4,1
2024,83,Arnaut Danjuma,5,303.0,60.6,6.7,4,1
2024,124,Jasper Cillessen,5,450.0,90.0,7.06,5,0
2024,126,Iñaki Peña,5,0.0,,,0,5
2024,127,Marc-André ter Stegen,5,450.0,90.0,6.94,5,0
2024,133,Clément Lenglet,3,0.0,,,0,3
2024,143,Carles Aleñá,4,167.0,41.75,6.9,1,3
2024,155,Abel Ruíz,5,373.0,74.6,6.76,5,0
2024,158,Paulo Gazzaniga,5,450.0,90.0,7.12,5,0
2024,258,Juan Bernat,2,25.0,12.5,6.449999999999999,0,2
2024,278,Kylian Mbappé,5,439.0,87.8,7.4,5,0
2024,314,Raúl Albiol,5,375.0,75.0,6.9,4,1
2024,372,Éder Militão,5,450.0,90.0,7.44,5,0
2024,403,Matija Nastasić,1,45.0,45.0,6.7,0,1
2024,414,Omar Mascarell,6,268.0,53.6,6.8,3,3
2024,433,Marcão,5,203.0,50.75,6.825,2,3
2024,517,James Rodríguez,1,11.0,11.0,6.6,0,1
2024,521,Robert Lewandowski,5,412.0,82.4,7.4799999999999995,5,0
2024,531,Daley Blind,5,450.0,90.0,7.24,5,0
2024,536,Daley Sinkgraven,1,0.0,,,0,1
2024,547,Donny van de Beek,5,30.0,15.0,6.9,0,5
2024,570,Franco Cervi,1,0.0,,,0,1
2024,619,Eric García,4,90.0,22.5,6.625,0,4
2024,653,Ferland Mendy,4,290.0,72.5,7.15,4,0
2024,668,Nabil Fekir,2,180.0,90.0,6.9,2,0
2024,730,Thibaut Courtois,5,450.0,90.0,7.220000000000001,5,0
2024,733,Daniel Carvajal,5,371.0,74.2,7.220000000000001,4,1
2024,736,Fran García,5,160.0,53.333333333333336,7.166666666666667,1,4
2024,737,Álvaro Odriozola,2,30.0,30.0,6.3,0,2
2024,740,Javi Sánchez,4,242.0,80.66666666666667,6.8,3,1
2024,741,Jesús Vallejo,2,0.0,,,0,2
2024,744,Brahim Díaz,5,124.0,24.8,7.159999999999999,2,3
2024,748,Dani Ceballos,4,77.0,38.5,6.800000000000001,1,3
2024,753,Marcos Llorente,5,405.0,81.0,7.459999999999999,4,1
2024,754,Luka Modrić,5,215.0,43.0,7.1,2,3
2024,756,Federico Valverde,5,450.0,90.0,7.840000000000001,5,0
2024,757,Lucas Vázquez,5,99.0,33.0,6.8999999999999995,1,4
2024,762,Vinícius Júnior,5,439.0,87.8,7.4799999999999995,5,0
2024,885,Eric Bailly,4,233.0,77.66666666666667,6.5,3,1
2024,898,Ander Herrera,5,109.0,36.333333333333336,6.7,1,4
2024,919,Hugo Guillamón,5,216.0,54.0,6.7,3,2
2024,920,Toni Lato,5,141.0,70.5,6.6,2,3
2024,928,Dani Parejo,5,315.0,63.0,6.959999999999999,4,1
2024,931,Ferran Torres,5,206.0,41.2,6.94,3,2
2024,957,Djibril Sow,5,296.0,59.2,6.9,3,2
2024,1234,Alex Král,5,393.0,78.6,6.959999999999999,4,1
2024,1257,Jules Koundé,5,450.0,90.0,7.279999999999999,5,0
2024,1264,Youssouf Sabaly,4,332.0,83.0,7.0,4,0
2024,1271,Aurélien Tchouaméni,4,333.0,83.25,7.475,4,0
2024,1304,Dinko Horkaš,3,0.0,,,0,3
2024,1323,Dani Olmo,3,189.0,63.0,7.833333333333333,2,1
2024,1364,Jailson,5,390.0,78.0,6.659999999999999,4,1
2024,1427,Albert Sambi Lokonga,3,153.0,76.5,7.1,2,1
2024,1439,Héctor Bellerín,4,28.0,28.0,7.2,0,4
2024,1461,Denis Suárez,1,0.0,,,0,1
2024,1482,Thierry Correia,5,348.0,69.6,6.7,4,1
2024,1489,Nemanja Gudelj,5,250.0,83.33333333333333,6.833333333333333,3,2
2024,1496,Raphinha,5,450.0,90.0,8.34,5,0
2024,1557,Pau López,4,0.0,,,0,4
2024,1561,Marc Bartra,2,176.0,88.0,7.35,2,0
2024,1578,Giovani Lo Celso,1,29.0,29.0,7.2,0,1
2024,1580,William Carvalho,4,250.0,62.5,6.8,4,0
2024,1631,Ricardo Rodríguez,4,45.0,45.0,6.9,1,3
2024,1697,Pablo Fornals,4,305.0,76.25,7.0,4,0
2024,1700,Iván Martín,5,386.0,77.2,6.840000000000001,5,0
2024,1701,Manu Morlanes,6,277.0,46.166666666666664,6.859999999999999,3,3
2024,1703,Andrei Rațiu,4,260.0,86.66666666666667,7.2,3,1
2024,1707,Gerard Moreno,3,116.0,58.0,7.550000000000001,2,1
2024,1708,Dani Raba,5,134.0,44.666666666666664,6.733333333333333,2,3
2024,1825,Lucas Torró,5,445.0,89.0,6.74,5,0
2024,1826,Sébastien Haller,1,90.0,90.0,6.6,1,0
2024,1911,Lucas Ocampos,2,176.0,88.0,6.95,2,0
2024,1926,Joseph Aidoo,5,8.0,8.0,6.5,0,5
2024,2001,Cyle Larin,6,174.0,43.5,6.525,2,4
2024,2036,Juan Soriano,5,450.0,90.0,7.140000000000001,5,0
2024,2039,Juan Berrocal,3,89.0,89.0,6.9,1,2
2024,2042,Sergi Gómez,5,140.0,35.0,6.825,1,4
2024,2054,Jesús Navas,5,143.0,28.6,6.720000000000001,1,4
2024,2060,Munir El Haddadi,4,64.0,32.0,6.25,1,3
2024,2061,Bryan Gil,5,395.0,79.0,7.26,5,0
2024,2182,Viktor Tsygankov,4,263.0,65.75,7.025,4,0
2024,2202,Hamari Traoré,4,314.0,78.5,6.95,4,0
2024,2278,Marcos Alonso,1,15.0,15.0,6.5,0,1
2024,2280,César Azpilicueta,5,347.0,86.75,7.05,4,1
2024,2282,Andreas Christensen,1,26.0,26.0,6.3,0,1
2024,2285,Antonio Rüdiger,5,450.0,90.0,7.279999999999999,5,0
2024,2433,Renato Tapia,5,115.0,23.0,6.5,1,4
2024,2449,Yangel Herrera,4,269.0,67.25,7.05,4,0
2024,2459,Darwin Machís,5,58.0,58.0,6.3,1,4
2024,2465,Juan Musso,3,90.0,90.0,7.2,1,2
2024,2468,Gonzalo Montiel,4,10.0,10.0,6.7,0,4
2024,2472,Rodrigo de Paul,5,228.0,45.6,7.06,3,2
2024,2575,Jackson Porozo,4,0.0,,,0,4
2024,2617,Cristhian Stuani,5,56.0,18.666666666666668,7.166666666666667,0,5
2024,2670,Iñigo Martínez,5,450.0,90.0,7.140000000000001,5,0
2024,2671,Jaime Mata,5,163.0,32.6,6.5,2,3
2024,2778,Kelechi Iheanacho,4,75.0,37.5,6.75,1,3
2024,2813,Marko Dmitrović,5,0.0,,,0,5
2024,3246,Nicolas Pépé,4,132.0,33.0,6.875,1,3
2024,5974,Julián Chicco,5,112.0,37.333333333333336,6.7,1,4
2024,6009,Julián Álvarez,5,237.0,47.4,6.76,3,2
2024,6085,Carlos Benavídez,5,68.0,22.666666666666668,6.766666666666667,1,4
2024,6168,Omar Alderete,3,270.0,90.0,7.366666666666667,3,0
2024,6233,Nahuel Tenaglia,5,360.0,90.0,7.2,4,1
2024,6503,Nahuel Molina,5,81.0,40.5,6.75,1,4
2024,7332,Luka Sučić,5,182.0,60.666666666666664,7.0,2,3
2024,8492,Alexander Sørloth,5,208.0,41.6,6.8,3,2
2024,8518,Mamadou Sylla,5,171.0,57.0,6.633333333333333,2,3
2024,8587,Selim Amallah,5,331.0,66.2,6.959999999999999,4,1
2024,8683,Irvin Cardona,4,178.0,44.5,6.875,1,3
2024,8718,Maximiliano Caufriez,1,0.0,,,0,1
2024,10009,Rodrygo,5,359.0,71.8,7.5200000000000005,3,2
2024,11379,Augusto Batalla,4,90.0,90.0,6.5,1,3
2024,14341,Stanko Jurić,5,305.0,61.0,6.540000000000001,3,2
2024,15900,Abdul Mumin,5,450.0,90.0,7.040000000000001,5,0
2024,18794,Kiko Femenía,5,450.0,90.0,6.88,5,0
2024,18812,Adrián,4,0.0,,,0,4
2024,18835,Vicente Guaita,4,90.0,90.0,6.6,1,3
2024,18867,Diego Rico,4,354.0,88.5,7.075,4,0
2024,18895,Florian Lejeune,5,450.0,90.0,7.06,5,0
2024,18896,Javier Manquillo,4,115.0,57.5,6.5,2,2
2024,18902,Kenedy,1,12.0,12.0,6.3,0,1
2024,18906,Ayoze Pérez,5,248.0,49.6,7.340000000000001,2,3
2024,18949,Oriol Romeu,4,241.0,60.25,6.675,3,1
2024,19172,Ørjan Nyland,5,450.0,90.0,6.959999999999999,5,0
2024,19337,Oliver McBurnie,5,422.0,84.4,7.0200000000000005,5,0
2024,19352,Sergi Canós,2,28.0,14.0,7.05,0,2
2024,20520,Iván Balliu,5,218.0,54.5,6.425,2,3
2024,20600,Romain Perraud,4,315.0,78.75,6.775,3,1
2024,20696,Pape Gueye,4,195.0,48.75,6.55,2,2
2024,21004,Lucien Agoumé,5,277.0,55.4,6.675,3,2
2024,21694,Nayef Aguerd,2,165.0,82.5,7.2,2,0
2024,21701,Valentin Rosier,5,393.0,78.6,6.92,4,1
2024,21709,Enzo Loiodice,5,128.0,32.0,6.575,1,4
2024,21997,Logan Costa,4,212.0,70.66666666666667,7.0,2,2
2024,22225,Reinildo Mandava,5,196.0,39.2,6.88,2,3
2024,22235,Jonathan Bamba,5,160.0,53.333333333333336,6.733333333333333,2,3
2024,24760,Giorgi Mamardashvili,5,450.0,90.0,6.82,5,0
2024,25375,Takuma Asano,6,321.0,53.5,6.733333333333333,4,2
2024,25458,Dodi Lukebakio,5,303.0,60.6,6.94,4,1
2024,26302,Pablo Maffeo,4,303.0,75.75,6.85,4,0
2024,26845,Anastasios Douvikas,5,207.0,41.4,6.779999999999999,2,3
2024,30510,Álex Berenguer,5,182.0,45.5,6.85,2,3
2024,30924,Marash Kumbulla,4,335.0,83.75,7.175,4,0
2024,31406,Umar Sadiq,6,176.0,44.0,6.625,2,4
2024,32862,Takefusa Kubo,6,376.0,62.666666666666664,6.783333333333334,4,2
2024,37639,Siebe Van Der Heyden,4,0.0,,,0,4
2024,37938,Sheraldo Becker,6,347.0,57.833333333333336,6.833333333333333,4,2
2024,39121,Chidera Ejuke,5,265.0,66.25,7.1,3,2
2024,40419,Aleksandar Sedlar,4,266.0,88.66666666666667,6.7,3,1
2024,41157,André Almeida,4,269.0,67.25,7.0,3,1
2024,41320,André Ferreira,4,0.0,,,0,4
2024,41552,Ismaila Ciss,5,138.0,34.5,6.65,1,4
2024,41976,Yvan Neyou,5,376.0,75.2,7.08,4,1
2024,42642,Horațiu Moldovan,1,0.0,,,0,1
2024,44811,Scott McKenna,5,368.0,73.6,6.58,4,1
2024,46646,Sergio Herrera,5,450.0,90.0,6.76,5,0
2024,46652,Unai García,5,0.0,,,0,5
2024,46654,Aridane Hernández,5,0.0,,,0,5
2024,46657,Nacho Vidal,5,100.0,50.0,6.15,1,4
2024,46658,Rubén García,5,333.0,66.6,7.12,4,1
2024,46660,Javi Martínez,5,11.0,11.0,6.5,0,5
2024,46662,Jon Moncayola,5,358.0,71.6,6.92,4,1
2024,46672,Rui Silva,4,360.0,90.0,6.95,4,0
2024,46709,Álvaro Tejero,5,255.0,51.0,7.08,3,2
2024,46733,Antonio Raíllo,6,540.0,90.0,7.316666666666666,6,0
2024,46738,Martin Valjent,6,450.0,90.0,7.0,5,1
2024,46740,Stoichkov,5,288.0,57.6,6.82,3,2
2024,46742,Dani Rodríguez,6,337.0,56.166666666666664,7.283333333333334,4,2
2024,46746,Ante Budimir,5,328.0,65.6,6.82,4,1
2024,46751,Abdón Prats,6,83.0,27.666666666666668,6.866666666666667,1,5
2024,46759,Alfonso Espino,4,305.0,76.25,7.0,4,0
2024,46764,Brian Oliván,5,105.0,26.25,6.7,1,4
2024,46775,Salvi Sánchez,4,0.0,,,0,4
2024,46795,Domingos Duarte,4,0.0,,,0,4
2024,46813,Abdelkabir Abqar,5,424.0,84.8,6.779999999999999,5,0
2024,46849,Javier Hernández,5,427.0,85.4,7.0,5,0
2024,46854,Viti Rozada,5,109.0,27.25,6.55,1,4
2024,46860,Javier Muñoz,5,423.0,84.6,6.88,5,0
2024,46887,Pedro Díaz,5,11.0,11.0,6.9,0,5
2024,46919,César de la Hoz,3,0.0,,,0,3
2024,46933,Luis Rioja,5,293.0,58.6,6.82,3,2
2024,46967,Juan Cruz,5,120.0,60.0,6.35,1,4
2024,46979,Iván Sánchez,5,245.0,49.0,6.8,2,3
2024,47004,Fabio González,3,45.0,45.0,6.6,0,3
2024,47007,Iñigo Ruiz de Galarreta,1,59.0,59.0,6.7,1,0
2024,47013,Rafa Mir,4,241.0,60.25,6.45,3,1
2024,47016,Álvaro Fernández,5,0.0,,,0,5
2024,47052,Álex Muñoz,5,192.0,64.0,7.0,2,3
2024,47078,Luis Pérez,5,450.0,90.0,6.840000000000001,5,0
2024,47080,Jorge Sáenz,4,225.0,75.0,6.933333333333334,3,1
2024,47085,Luis Milla,4,360.0,90.0,7.2,4,0
2024,47109,Óscar Valentín,5,428.0,85.6,6.859999999999999,5,0
2024,47111,Benito Ramírez,5,54.0,18.0,6.566666666666666,0,5
2024,47119,Aitor Ruibal,4,201.0,50.25,6.575,3,1
2024,47153,Juan Carlos,4,0.0,,,0,4
2024,47181,Toni Martínez,3,72.0,24.0,7.233333333333333,0,3
2024,47195,Álvaro Aguado,5,218.0,43.6,6.88,2,3
2024,47247,David Soria,4,360.0,90.0,6.875,4,0
2024,47249,Leandro Cabrera,3,270.0,90.0,6.8999999999999995,3,0
2024,47250,Djené,4,360.0,90.0,6.95,4,0
2024,47251,Dimitri Foulquier,5,218.0,43.6,6.720000000000001,2,3
2024,47258,Mauro Arambarri,4,143.0,35.75,6.525,2,2
2024,47264,Hugo Duro,4,346.0,86.5,6.925,4,0
2024,47269,Álex Remiro,6,540.0,90.0,7.083333333333333,6,0
2024,47271,Yeray Álvarez,4,360.0,90.0,6.825,4,0
2024,47273,Yuri Berchiche,4,360.0,90.0,7.1,4,0
2024,47275,Óscar de Marcos,4,167.0,83.5,6.75,2,2
2024,47276,Íñigo Lekue,5,200.0,50.0,6.4,2,3
2024,47277,Unai Núñez,2,0.0,,,0,2
2024,47278,Daniel Vivian,5,369.0,73.8,6.959999999999999,4,1
2024,47285,Unai López,5,218.0,43.6,7.06,3,2
2024,47291,Gorka Guruzeta,5,295.0,59.0,6.779999999999999,4,1
2024,47294,Iñaki Williams,5,419.0,83.8,6.859999999999999,5,0
2024,47298,Aritz Elustondo,4,240.0,80.0,7.033333333333334,3,1
2024,47299,Andoni Gorosabel,5,94.0,47.0,6.35,1,4
2024,47301,Robin Le Normand,5,450.0,90.0,7.040000000000001,5,0
2024,47302,Diego Llorente,4,360.0,90.0,7.05,4,0
2024,47303,Aihen Muñoz,6,126.0,42.0,6.7,1,5
2024,47306,Álex Sola,4,310.0,77.5,6.475,4,0
2024,47309,Ander Guevara,5,293.0,58.6,6.68,3,2
2024,47314,Igor Zubeldia,4,306.0,76.5,6.6,4,0
2024,47315,Martín Zubimendi,6,495.0,82.5,7.133333333333333,5,1
2024,47317,Ander Barrenetxea,4,189.0,47.25,6.7,1,3
2024,47320,Juanmi,3,136.0,45.333333333333336,6.833333333333333,2,1
2024,47321,Roberto López,5,26.0,13.0,6.6,0,5
2024,47323,Mikel Oyarzabal,5,239.0,59.75,6.15,4,1
2024,47324,Sandro Ramírez,5,312.0,62.4,7.1,3,2
2024,47329,Adrià Pedrosa,5,360.0,90.0,6.95,4,1
2024,47334,David López,5,450.0,90.0,6.840000000000001,5,0
2024,47336,Sergi Darder,6,372.0,62.0,7.116666666666667,4,2
2024,47341,Marc Roca,4,347.0,86.75,7.0,4,0
2024,47348,Borja Iglesias,5,243.0,48.6,6.9799999999999995,3,2
2024,47349,Javi Puado,5,431.0,86.2,7.220000000000001,5,0
2024,47352,Fernando Pacheco,5,0.0,,,0,5
2024,47353,Antonio Sivera,5,450.0,90.0,7.06,5,0
2024,47361,Darko Brašanac,5,354.0,70.8,6.6,4,1
2024,47389,Joan Jordán,1,26.0,26.0,7.3,0,1
2024,47391,Rubén Peña,3,53.0,17.666666666666668,6.3,0,3
2024,47393,Marc Cardona,5,24.0,12.0,6.5,0,5
2024,47396,Kike García,5,312.0,62.4,6.8,4,1
2024,47398,Pere Milla,5,69.0,34.5,6.45,1,4
2024,47399,Iván Cuéllar,6,0.0,,,0,6
2024,47400,Andriy Lunin,5,0.0,,,0,5
2024,47414,Gerard Gumbau,5,135.0,45.0,6.633333333333333,1,4
2024,47416,Óscar Rodríguez,5,250.0,62.5,6.95,3,2
2024,47418,Mikel Vesga,5,197.0,39.4,6.5,2,3
2024,47419,José Manuel Arnáiz,3,14.0,14.0,6.9,0,3
2024,47427,Iván Villar,5,360.0,90.0,6.775,4,1
2024,47435,Fran Beltrán,5,322.0,64.4,6.76,4,1
2024,47440,Brais Méndez,4,265.0,66.25,6.65,4,0
2024,47445,Iago Aspas,5,377.0,75.4,7.540000000000001,4,1
2024,47448,Aitor Fernández,5,0.0,,,0,5
2024,47463,Pepelu,5,442.0,88.4,7.279999999999999,5,0
2024,47464,José Campaña,5,190.0,63.333333333333336,7.166666666666667,3,2
2024,47478,Fernando Calero,4,179.0,89.5,7.15,2,2
2024,47492,Toni Villa,1,0.0,,,0,1
2024,47494,Miguel de la Fuente,5,283.0,70.75,6.3,3,2
2024,47495,Sergi Guardiola,1,11.0,11.0,6.6,0,1
2024,47511,Juanpe,5,0.0,,,0,5
2024,47514,Valery Fernández,2,47.0,23.5,6.2,0,2
2024,47520,Portu,5,151.0,30.2,6.8,1,4
2024,47527,Stole Dimitrievski,5,0.0,,,0,5
2024,47529,Miguel Ángel Morro,1,0.0,,,0,1
2024,47533,Alejandro Catena,5,450.0,90.0,6.840000000000001,5,0
2024,47541,Santi Comesaña,5,428.0,85.6,7.0200000000000005,5,0
2024,47543,Álvaro García,4,241.0,60.25,7.2,3,1
2024,47551,Raúl de Tomás,3,0.0,,,0,3
2024,47554,Adrián Embarba,5,341.0,68.2,6.76,4,1
2024,47557,Óscar Trejo,5,121.0,60.5,6.75,2,3
2024,47566,Javi Galán,5,0.0,,,0,5
2024,47574,Moi Gómez,5,191.0,38.2,6.12,2,3
2024,47579,Chimy Ávila,4,108.0,36.0,7.033333333333334,1,3
2024,47988,Carl Starfelt,5,285.0,57.0,7.040000000000001,3,2
2024,48372,Eray Cömert,5,326.0,81.5,6.35,4,1
2024,50048,Vedat Muriqi,6,469.0,78.16666666666667,7.016666666666667,5,1
2024,51241,Tomás Conechny,5,271.0,67.75,6.825,4,1
2024,56283,Lucas Rosa,5,450.0,90.0,6.720000000000001,5,0
2024,61142,Dominik Greif,6,360.0,90.0,7.1,4,2
2024,61774,Orri Steinn Óskarsson,3,81.0,27.0,6.366666666666667,0,3
2024,64268,Johan Mojica,6,396.0,66.0,6.8500000000000005,4,2
2024,64309,Manuel Sánchez,4,297.0,74.25,6.875,3,1
2024,66407,Ladislav Krejčí,5,9.0,9.0,6.7,0,5
2024,66491,Jiří Letáček,4,0.0,,,0,4
2024,67939,Aimar Oroz,5,381.0,76.2,6.959999999999999,5,0
2024,67940,José Gragera,5,304.0,60.8,6.56,4,1
2024,67955,Carles Pérez,4,264.0,66.0,6.725,4,0
2024,67972,Conor Gallagher,4,192.0,64.0,7.166666666666667,2,2
2024,68483,Bertuğ Özgür Yıldırım,2,168.0,84.0,6.9,2,0
2024,70315,Kirian Rodríguez,5,425.0,85.0,6.9,5,0
2024,70476,Moussa Diarra,5,155.0,51.666666666666664,6.25,2,3
2024,70500,Sergi Cardona,5,446.0,89.2,7.32,5,0
2024,72048,Cenk Özkaçar,4,92.0,46.0,6.9,1,3
2024,84086,Robert Navarro,3,126.0,42.0,6.8,1,2
2024,104793,Amath Ndiaye,5,189.0,47.25,6.7,3,2
2024,104821,Jon Guridi,5,317.0,63.4,6.9,4,1
2024,104853,Asier Villalibre,5,85.0,28.333333333333332,6.833333333333333,1,4
2024,107153,Kike Pérez,5,362.0,72.4,6.74,5,0
2024,107194,Antonio Sánchez,6,327.0,54.5,6.866666666666667,3,3
2024,108519,Mateu Morey,2,0.0,,,0,2
2024,109564,Bojan Miovski,4,95.0,47.5,6.75,1,3
2024,119213,Alfon González,4,111.0,55.5,6.6,1,3
2024,119232,Dani Gómez,5,117.0,29.25,6.3999999999999995,1,4
2024,119235,Pedro Ortiz,1,0.0,,,0,1
2024,119742,Juan Iglesias,4,360.0,90.0,7.1,4,0
2024,122230,Manuel Fuster,5,88.0,22.0,6.675,1,4
2024,122233,Marcos André,5,136.0,45.333333333333336,6.3,2,3
2024,122471,Jesús Owono,5,0.0,,,0,5
2024,122657,Randy Nteka,5,179.0,44.75,6.55,2,3
2024,122956,Diego Conde,5,450.0,90.0,7.1,5,0
2024,123047,Sergio González,5,450.0,90.0,6.94,5,0
2024,126936,Samuel Lino,5,340.0,68.0,7.0200000000000005,5,0
2024,127426,Pol Lozano,5,81.0,40.5,6.5,1,4
2024,128398,Oihan Sancet,5,376.0,75.2,6.94,5,0
2024,128478,Walid Cheddira,3,78.0,26.0,6.8,0,3
2024,128582,Jorge de Frutos,5,299.0,59.8,6.720000000000001,4,1
2024,128985,Iker Losada,4,14.0,14.0,6.5,0,4
2024,129657,Enric Franquesa,5,249.0,49.8,6.82,3,2
2024,129718,Jude Bellingham,1,88.0,88.0,7.7,1,0
2024,129791,Fábio Silva,1,27.0,27.0,6.9,0,1
2024,131492,Aritz Arambarri,3,178.0,89.0,6.7,2,1
2024,131535,Alex Suárez,5,380.0,76.0,6.4799999999999995,5,0
2024,131546,Isi Palazón,5,266.0,53.2,6.7,2,3
2024,133110,Tanguy Nianzou,5,180.0,90.0,7.1,2,3
2024,133185,Johnny,4,46.0,23.0,6.8,0,4
2024,133609,Pedri,5,335.0,67.0,7.4799999999999995,4,1
2024,136117,Rodrigo Riquelme,5,191.0,47.75,6.975,2,3
2024,139001,Pablo Ibáñez Lumbreras,5,77.0,19.25,6.625,0,5
2024,146751,Raúl García de Haro,5,123.0,24.6,6.75,1,4
2024,156488,Dani Cárdenas,5,360.0,90.0,6.55,4,1
2024,157988,Sergio Carreira,5,103.0,51.5,6.800000000000001,1,4
2024,158378,Enzo Barrenechea,2,45.0,45.0,6.6,0,2
2024,161894,Naci Ünüvar,2,0.0,,,0,2
2024,161928,Alejandro Balde,5,358.0,71.6,6.9799999999999995,4,1
2024,161931,Arnau Solà,4,0.0,,,0,4
2024,161963,Germán Valera,1,11.0,11.0,6.9,0,1
2024,162026,Marvin Park,5,366.0,73.2,6.4799999999999995,4,1
2024,162028,Juanmi Latasa,3,152.0,50.666666666666664,6.533333333333334,1,2
2024,162032,Miguel Gutiérrez,5,450.0,90.0,7.0,5,0
2024,162122,Adrià Altimira,4,115.0,38.333333333333336,6.466666666666666,1,3
2024,162123,Ilaix Moriba,5,159.0,53.0,6.733333333333333,2,3
2024,162126,Peque Fernández,5,116.0,38.666666666666664,6.5,1,4
2024,162127,Diego López,5,405.0,81.0,6.5200000000000005,5,0
2024,162170,Hugo Novoa Ramos,4,130.0,43.333333333333336,6.466666666666666,1,3
2024,162175,Jesús Vázquez,5,345.0,69.0,6.62,4,1
2024,162434,Alejandro Francés,5,264.0,88.0,6.833333333333333,3,2
2024,162475,Mika Mármol,5,450.0,90.0,6.76,5,0
2024,162686,Antonio Blanco,5,335.0,67.0,6.975,4,1
2024,162712,Óscar Mingueza,5,405.0,81.0,7.5200000000000005,5,0
2024,163060,Adrián Rodríguez,3,0.0,,,0,3
2024,169256,Iker Álvarez,1,0.0,,,0,1
2024,169295,Karl Hein,5,450.0,90.0,7.06,5,0
2024,174918,Loïc Badé,4,270.0,90.0,7.033333333333334,3,1
2024,179139,Leo Román,6,180.0,90.0,7.95,2,4
2024,179153,Javier Martón Ansó,4,19.0,19.0,6.3,0,4
2024,179996,Francisco Vieites,3,0.0,,,0,3
2024,181259,Abel Bretones,5,330.0,82.5,6.825,4,1
2024,181421,Abdessamad Ezzalzouli,4,231.0,57.75,7.175,2,2
2024,181463,Víctor Meseguer,5,155.0,31.0,6.65,1,4
2024,181582,José Copete,6,110.0,27.5,6.833333333333333,1,5
2024,181701,Gerard Martín,5,93.0,23.25,6.800000000000001,1,4
2024,181734,Josep Chavarría,5,182.0,45.5,6.775,1,4
2024,182181,Jesús Areso,5,350.0,87.5,6.6,4,1
2024,182219,Alejandro Baena,4,323.0,80.75,7.725,4,0
2024,182519,Alberto Moleiro,5,349.0,69.8,6.94,4,1
2024,182546,Jon Pacheco,6,330.0,66.0,6.8,4,2
2024,182592,Jorge Herrando,5,270.0,90.0,6.566666666666666,3,2
2024,182603,Jon Ander Olasagasti,6,33.0,16.5,6.5,0,6
2024,182617,Beñat Prados,5,301.0,60.2,6.7,4,1
2024,182621,Iker Muñoz,2,49.0,24.5,6.7,1,1
2024,182636,Javi López,5,379.0,75.8,6.4799999999999995,4,1
2024,182674,Jofre Carreras,5,255.0,51.0,6.7,3,2
2024,182694,Iván Gil,4,0.0,,,0,4
2024,182718,Joan García,5,450.0,90.0,7.26,5,0
2024,182730,Marc Vidal,3,0.0,,,0,3
2024,182735,Angel Fortuno,5,0.0,,,0,5
2024,182772,Juanlu Sánchez,5,264.0,52.8,6.38,3,2
2024,183699,Urko González,3,45.0,45.0,6.2,1,2
2024,183744,Beñat Turrientes,6,310.0,51.666666666666664,6.883333333333333,4,2
2024,183751,Abderrahman Rebbach,4,70.0,70.0,6.5,1,3
2024,183799,Nico Williams,5,301.0,60.2,6.859999999999999,3,2
2024,183848,Julen Agirrezabala,4,270.0,90.0,6.933333333333334,3,1
2024,183849,Aitor Paredes,3,171.0,85.5,7.1,2,1
2024,184226,Yéremy Pino,5,242.0,48.4,6.94,3,2
2024,184420,Carlos Romero,5,416.0,83.2,6.9,5,0
2024,184481,Diego Garcia,5,100.0,33.333333333333336,6.800000000000001,1,4
2024,185202,Juan Cruz,5,247.0,49.4,7.06,3,2
2024,185398,Isaac Romero,5,367.0,73.4,6.82,4,1
2024,185477,Rodri Sánchez,3,117.0,39.0,6.733333333333333,1,2
2024,187214,Carlos Vicente,5,439.0,87.8,7.24,5,0
2024,187987,Ramón Terrats,5,35.0,11.666666666666666,6.3,0,5
2024,189831,Egoitz Arana,2,0.0,,,0,2
2024,189832,Unai Marrero,6,0.0,,,0,6
2024,190485,Samuel Costa,6,538.0,89.66666666666667,7.05,6,0
2024,190489,Álvaro Djaló,3,84.0,42.0,6.4,1,2
2024,195100,Natan,3,189.0,63.0,6.733333333333333,2,1
2024,195923,José Ángel Carmona,5,442.0,88.4,7.1,5,0
2024,195962,Chiquinho,2,0.0,,,0,2
2024,199044,Jon Aramburu,6,180.0,45.0,6.275,2,4
2024,263530,Pau Víctor,5,35.0,8.75,6.95,0,5
2024,263812,Luka Romero,5,95.0,31.666666666666668,6.566666666666666,1,4
2024,264470,Raúl Moro,5,336.0,67.2,7.0,3,2
2024,269163,Williot Swedberg,5,189.0,37.8,6.959999999999999,2,3
2024,270498,Warren Madrigal,1,0.0,,,0,1
2024,270516,Peter González,4,91.0,22.75,6.425,0,4
2024,270973,Lucas Alcazar,2,0.0,,,0,2
2024,270973,Lucas Alcázar,1,0.0,,,0,1
2024,278619,Luiz Júnior,4,0.0,,,0,4
2024,279822,Flavien Boyomo,5,450.0,90.0,7.040000000000001,5,0
2024,281795,Yáser Asprilla,3,84.0,28.0,6.7,0,3
2024,283668,Arnau Martínez,5,201.0,50.25,6.75,2,3
2024,285909,Pablo Torre,5,9.0,9.0,6.3,0,5
2024,286084,Sergi Altimira,4,77.0,38.5,7.050000000000001,0,4
2024,286559,Carlos Domínguez,4,225.0,75.0,6.933333333333334,3,1
2024,286593,Nico Serrano,2,0.0,,,0,2
2024,286601,Omar El Hilali,5,447.0,89.4,6.779999999999999,5,0
2024,286639,Bryan Zaragoza,5,335.0,67.0,6.82,4,1
2024,286795,César Fernández,3,0.0,,,0,3
2024,286796,Damián Rodríguez,5,336.0,67.2,6.779999999999999,3,2
2024,287652,Jon Magunazelaia,5,0.0,,,0,5
2024,288074,Alberto Mari,3,12.0,12.0,6.3,0,3
2024,288112,Willy Kambwala,3,90.0,90.0,7.2,1,2
2024,288525,Malcom Ares,3,18.0,18.0,6.3,0,3
2024,288800,Iker Benito,5,35.0,17.5,6.3,0,5
2024,290106,Pablo Marín,6,51.0,17.0,6.633333333333333,0,6
2024,290740,Ilias Akhomach,5,200.0,50.0,6.675,2,3
2024,291964,Arda Güler,5,181.0,45.25,7.125,2,3
2024,292219,Stipe Biuk,1,0.0,,,0,1
2024,293297,John Finn,2,22.0,11.0,6.65,0,2
2024,295383,Adrián,5,90.0,90.0,6.9,1,4
2024,297311,Kike Salas,5,102.0,34.0,6.633333333333333,1,4
2024,297646,Daniel Luna,6,0.0,,,0,6
2024,297742,Antoniu Roca,5,36.0,18.0,6.65,0,5
2024,298064,David Torres,5,8.0,8.0,6.7,0,5
2024,302051,Seydouba Cisse,5,283.0,56.6,6.92,3,2
2024,303115,Etienne Eto'o Pineda,2,0.0,,,0,2
2024,303378,Javier Serrano,1,0.0,,,0,1
2024,304383,Tadeo Allende,1,0.0,,,0,1
2024,306727,Jhon Solís,5,190.0,47.5,6.475,1,4
2024,308346,Alberto Flores,3,0.0,,,0,3
2024,308678,Dário Essugo,1,0.0,,,0,1
2024,309364,Coba Gomes Da Costa,2,0.0,,,0,2
2024,311344,Alejo Véliz,5,371.0,74.2,6.82,5,0
2024,311773,Santiago Mouriño,3,26.0,26.0,7.2,0,3
2024,312468,Alex Padilla,5,180.0,90.0,6.7,2,3
2024,313196,Joao Urbáez,1,0.0,,,0,1
2024,313562,Eneko Ortiz,1,0.0,,,0,1
2024,313651,Hugo Sotelo,5,83.0,41.5,6.55,1,4
2024,315604,Alejandro Iturbe,1,0.0,,,0,1
2024,315699,Javier Guerra,5,242.0,48.4,6.540000000000001,3,2
2024,319572,Valentín Barco,2,100.0,50.0,6.75,1,1
2024,320517,Pablo Durán,5,85.0,42.5,6.6,1,4
2024,323935,Giuliano Simeone,5,27.0,13.5,6.75,0,5
2024,324750,Carlos Martín,4,55.0,27.5,6.4,0,4
2024,325415,Nabil Aberdin,3,224.0,74.66666666666667,6.933333333333334,3,0
2024,327495,Alvin,4,0.0,,,0,4
2024,327496,Rodrigo Abajas,4,0.0,,,0,4
2024,329720,Hugo Álvarez,5,392.0,78.4,6.9,4,1
2024,329725,Arnau Rafús,1,0.0,,,0,1
2024,329728,Marc Casadó,5,241.0,80.33333333333333,7.1000000000000005,3,2
2024,331004,Ivan Cantalejo,5,87.0,21.75,6.3,1,4
2024,331330,Matías Árbol,1,0.0,,,0,1
2024,332302,Oier Gastesi,2,0.0,,,0,2
2024,332304,Raúl Chasco,4,0.0,,,0,4
2024,332305,Unai Eguíluz,3,0.0,,,0,3
2024,332308,Unai Gómez,5,107.0,21.4,6.659999999999999,0,5
2024,333292,Pelayo Fernández,4,0.0,,,0,4
2024,333373,Gorka Rivera,2,19.0,19.0,6.3,0,2
2024,333379,Antonio Gomis,5,0.0,,,0,5
2024,333447,Raúl Martínez,1,0.0,,,0,1
2024,333672,César Tárrega,5,270.0,90.0,6.6000000000000005,3,2
2024,333682,Cristhian Mosquera,5,450.0,90.0,6.62,5,0
2024,335034,Pablo Rivera,1,0.0,,,0,1
2024,336560,Alex Valle,2,0.0,,,0,2
2024,336594,Pablo Barrios,4,315.0,78.75,7.25,3,1
2024,336637,Antonio Espigares,1,0.0,,,0,1
2024,336653,Ander Astralaga,4,0.0,,,0,4
2024,336674,Gabriel Misehouy,5,20.0,20.0,7.3,0,5
2024,336998,Adama Boiro,5,79.0,79.0,7.2,1,4
2024,337843,Aitor Fraga,1,0.0,,,0,1
2024,337955,Lalo Aguilar,1,0.0,,,0,1
2024,338508,Ilias Kostis,2,0.0,,,0,2
2024,339105,Joel Roca,1,0.0,,,0,1
2024,340152,Stanis Idumbo Muzambo,5,8.0,8.0,6.9,0,5
2024,340154,Arthur Vermeeren,1,0.0,,,0,1
2024,340279,Vitor Roque,2,61.0,30.5,6.6,0,2
2024,340626,Fermín López,3,67.0,22.333333333333332,6.533333333333334,0,3
2024,343205,Mario Martin,4,128.0,42.666666666666664,6.266666666666667,1,3
2024,343684,Thierno Barry,4,236.0,59.0,6.7,2,2
2024,348029,Dimitrios Stamatakis,3,0.0,,,0,3
2024,348326,Martín Tejón,5,45.0,11.25,6.449999999999999,0,5
2024,352859,Guillem Trilla,1,0.0,,,0,1
2024,355327,Jose Luis Catala,1,0.0,,,0,1
2024,360411,Alberto Collado,2,0.0,,,0,2
2024,361385,Yarek Gasiorowski,5,180.0,90.0,6.9,2,3
2024,361386,Koke,4,0.0,,,0,4
2024,364415,Yellu Santiago,4,63.0,15.75,6.475,0,4
2024,377122,Endrick,5,29.0,7.25,6.8,0,5
2024,378284,Etta Eyong,1,0.0,,,0,1
2024,383647,Diego Kochen,1,0.0,,,0,1
2024,383780,Mikel Jauregizar,5,199.0,49.75,6.55,2,3
2024,384135,Javi Rodríguez,5,299.0,74.75,6.775,3,2
2024,384273,Julen Lartitegi,1,0.0,,,0,1
2024,385389,Alex Gil,1,0.0,,,0,1
2024,386305,Jacobo Naveros,4,0.0,,,0,4
2024,386828,Lamine Yamal,5,443.0,88.6,8.2,5,0
2024,386859,Hector Fort,5,29.0,29.0,6.5,0,5
2024,386872,Sergio Mestre,1,0.0,,,0,1
2024,388032,Carlos Guirao,1,0.0,,,0,1
2024,388871,Chema Andrés,1,0.0,,,0,1
2024,389602,Iker Almena,2,46.0,23.0,6.9,0,2
2024,390742,Joaquin Panichelli,1,0.0,,,0,1
2024,391131,Jose Requena,1,0.0,,,0,1
2024,396475,Fran Gonzalez,4,0.0,,,0,4
2024,396623,Pau Cubarsí,5,366.0,73.2,6.92,5,0
2024,396624,Sergi Domínguez,5,29.0,29.0,6.6,0,5
2024,400948,Assane Diao,4,80.0,40.0,6.55,1,3
2024,403554,Christantus Uche,4,353.0,88.25,6.875,4,0
2024,405073,Jon Martin,6,90.0,45.0,6.7,0,6
2024,406266,Ali Fadal,1,0.0,,,0,1
2024,411424,Jan Salas,2,0.0,,,0,2
2024,411702,Pau Cabanes De La Torre,1,0.0,,,0,1
2024,412737,Raúl Jiménez Latorre,4,0.0,,,0,4
2024,419912,Omar Sadik,1,0.0,,,0,1
2024,431890,Juanma Herzog,5,0.0,,,0,5
2024,433396,Marc Bernal,3,244.0,81.33333333333333,7.066666666666666,3,0
2024,435552,Pau Navarro,5,0.0,,,0,5
2024,438284,Rafael Bauza,4,0.0,,,0,4
2024,439578,David Otorbi,2,13.0,13.0,6.3,0,2
2024,440748,Alvaro Killane,2,0.0,,,0,2
2024,441232,Guillermo Fernández,1,0.0,,,0,1
2024,441244,Andrés Cuenca,1,0.0,,,0,1
2024,442188,Iker Cordoba,1,0.0,,,0,1
2024,442188,Iker Córdoba,1,0.0,,,0,1
2024,443162,Jesus Rodriguez,1,0.0,,,0,1
2024,453885,Aboubacar Bassinga,3,11.0,11.0,6.5,0,3
2024,456619,Manu González,1,0.0,,,0,1
2024,465838,Alberto Risco,4,36.0,18.0,6.449999999999999,0,4
2024,478243,Marco de las Sías,2,0.0,,,0,2
2024,481993,Valentín Pezzolesi,1,0.0,,,0,1
2024,482071,Diego Ferrer,1,0.0,,,0,1
2024,482473,Marc Domenech,6,115.0,38.333333333333336,6.566666666666666,2,4
2024,486068,Víctor Puig,1,0.0,,,0,1
