fixture_id,team_id,team_name,ball_possession,blocked_shots,corner_kicks,fouls,goalkeeper_saves,offsides,passes_pct,passes_accurate,red_cards,shots_insidebox,shots_off_goal,shots_on_goal,shots_outsidebox,total_shots,total_passes,yellow_cards,expected_goals,goals_prevented
1208494,531,Athletic Club,69.0,2.0,5.0,15.0,1.0,2.0,79.0,352.0,,1.0,1.0,4.0,6.0,7.0,444.0,4.0,0.33,-0.08
1208494,546,Getafe,31.0,2.0,6.0,12.0,3.0,6.0,60.0,116.0,,5.0,5.0,2.0,4.0,9.0,194.0,1.0,0.84,-0.08
1208495,543,Real Betis,39.0,5.0,4.0,11.0,1.0,1.0,82.0,305.0,,10.0,10.0,4.0,9.0,19.0,370.0,2.0,1.38,0.35
1208495,547,Girona,61.0,5.0,4.0,7.0,3.0,3.0,88.0,507.0,,7.0,6.0,2.0,6.0,13.0,577.0,0.0,1.58,0.35
1208496,541,Real Madrid,66.0,3.0,7.0,6.0,4.0,,90.0,598.0,1.0,6.0,5.0,5.0,7.0,13.0,667.0,0.0,0.6,-0.39
1208496,798,Mallorca,34.0,1.0,8.0,11.0,5.0,,83.0,267.0,0.0,8.0,6.0,5.0,4.0,12.0,322.0,1.0,1.03,-0.39
1208497,534,Las Palmas,48.0,4.0,6.0,14.0,4.0,1.0,80.0,345.0,,10.0,6.0,5.0,5.0,15.0,430.0,2.0,1.41,-0.87
1208497,536,Sevilla,52.0,3.0,3.0,15.0,4.0,2.0,82.0,393.0,,12.0,10.0,5.0,6.0,18.0,481.0,2.0,1.85,-0.87
1208498,530,Atletico Madrid,55.0,1.0,3.0,12.0,2.0,2.0,88.0,519.0,,7.0,4.0,4.0,2.0,9.0,592.0,3.0,1.11,-1.24
1208498,533,Villarreal,45.0,2.0,2.0,7.0,2.0,2.0,88.0,420.0,,6.0,4.0,3.0,3.0,9.0,477.0,1.0,0.79,-1.24
1208499,529,Barcelona,64.0,6.0,8.0,13.0,1.0,1.0,86.0,499.0,,12.0,6.0,6.0,6.0,18.0,578.0,3.0,3.22,-0.09
1208499,532,Valencia,36.0,1.0,3.0,11.0,4.0,7.0,77.0,243.0,,4.0,3.0,2.0,2.0,6.0,315.0,2.0,1.01,-0.09
1208500,548,Real Sociedad,66.0,2.0,10.0,14.0,2.0,0.0,81.0,359.0,,7.0,5.0,4.0,4.0,11.0,445.0,2.0,1.08,-0.39
1208500,728,Rayo Vallecano,34.0,3.0,5.0,21.0,3.0,3.0,64.0,151.0,,7.0,4.0,5.0,5.0,12.0,236.0,4.0,1.11,-0.39
1208501,538,Celta Vigo,64.0,0.0,3.0,8.0,1.0,4.0,85.0,471.0,,3.0,2.0,4.0,3.0,6.0,551.0,2.0,0.83,-0.26
1208501,542,Alaves,36.0,3.0,3.0,23.0,2.0,3.0,73.0,218.0,,8.0,5.0,2.0,2.0,10.0,299.0,2.0,1.6,-0.26
1208502,537,Leganes,39.0,4.0,4.0,12.0,6.0,2.0,64.0,193.0,,6.0,2.0,4.0,4.0,10.0,303.0,2.0,0.98,0.26
1208502,727,Osasuna,61.0,5.0,6.0,14.0,3.0,1.0,76.0,347.0,,13.0,5.0,6.0,3.0,16.0,456.0,3.0,1.74,0.26
1208503,530,Atletico Madrid,42.0,3.0,1.0,11.0,4.0,2.0,87.0,404.0,,6.0,2.0,6.0,5.0,11.0,462.0,1.0,1.22,-1.57
1208503,547,Girona,58.0,6.0,9.0,11.0,3.0,2.0,92.0,561.0,,7.0,3.0,4.0,6.0,13.0,610.0,3.0,0.68,-1.57
1208504,532,Valencia,51.0,2.0,7.0,11.0,2.0,1.0,85.0,417.0,,10.0,6.0,5.0,3.0,13.0,492.0,0.0,0.93,-1.1
1208504,538,Celta Vigo,49.0,0.0,4.0,9.0,3.0,2.0,86.0,418.0,,4.0,2.0,5.0,3.0,7.0,486.0,3.0,1.32,-1.1
1208505,546,Getafe,48.0,4.0,3.0,16.0,,0.0,61.0,173.0,,9.0,8.0,0.0,3.0,12.0,284.0,1.0,0.48,
1208505,728,Rayo Vallecano,52.0,1.0,2.0,18.0,,4.0,64.0,198.0,,1.0,2.0,0.0,2.0,3.0,307.0,2.0,0.24,
1208506,541,Real Madrid,64.0,5.0,5.0,10.0,0.0,4.0,92.0,594.0,,13.0,3.0,9.0,4.0,17.0,648.0,1.0,2.14,-1.14
1208506,720,Valladolid,36.0,3.0,5.0,15.0,6.0,0.0,82.0,293.0,,6.0,5.0,0.0,2.0,8.0,359.0,1.0,0.42,-1.14
1208507,533,Villarreal,40.0,0.0,2.0,8.0,6.0,4.0,74.0,263.0,,7.0,2.0,6.0,1.0,8.0,354.0,5.0,0.89,-0.12
1208507,536,Sevilla,60.0,2.0,7.0,16.0,4.0,4.0,84.0,444.0,,9.0,7.0,7.0,7.0,16.0,529.0,3.0,1.09,-0.12
1208508,542,Alaves,37.0,3.0,3.0,17.0,3.0,1.0,67.0,201.0,1.0,3.0,1.0,1.0,2.0,5.0,301.0,1.0,0.21,0.09
1208508,543,Real Betis,63.0,3.0,8.0,16.0,1.0,1.0,83.0,438.0,0.0,10.0,9.0,3.0,5.0,15.0,530.0,4.0,1.49,0.09
1208509,534,Las Palmas,60.0,2.0,7.0,10.0,3.0,0.0,80.0,417.0,,7.0,3.0,5.0,3.0,10.0,519.0,1.0,0.87,-0.18
1208509,537,Leganes,40.0,1.0,3.0,11.0,4.0,1.0,75.0,255.0,,6.0,4.0,5.0,4.0,10.0,342.0,1.0,1.48,-0.18
1208510,529,Barcelona,65.0,3.0,5.0,11.0,1.0,2.0,88.0,497.0,,9.0,5.0,5.0,4.0,13.0,568.0,4.0,1.83,-0.34
1208510,531,Athletic Club,35.0,3.0,6.0,16.0,3.0,5.0,79.0,232.0,,6.0,3.0,2.0,2.0,8.0,293.0,5.0,1.03,-0.34
1208511,727,Osasuna,45.0,3.0,5.0,10.0,1.0,1.0,74.0,233.0,,5.0,7.0,5.0,10.0,15.0,314.0,2.0,0.54,-0.53
1208511,798,Mallorca,55.0,5.0,4.0,8.0,4.0,0.0,81.0,306.0,,6.0,4.0,1.0,4.0,10.0,379.0,1.0,0.58,-0.53
1208512,531,Athletic Club,51.0,5.0,5.0,14.0,0.0,1.0,79.0,331.0,,12.0,4.0,4.0,1.0,13.0,418.0,1.0,1.38,-0.18
1208512,532,Valencia,49.0,1.0,3.0,9.0,3.0,3.0,76.0,314.0,,1.0,1.0,0.0,1.0,2.0,415.0,3.0,0.08,-0.18
1208514,547,Girona,60.0,2.0,5.0,10.0,0.0,5.0,91.0,519.0,,8.0,3.0,5.0,2.0,10.0,572.0,,2.29,0.0
1208514,727,Osasuna,40.0,0.0,0.0,9.0,1.0,2.0,84.0,332.0,,0.0,1.0,0.0,1.0,1.0,396.0,,0.04,0.0
1208515,536,Sevilla,55.0,3.0,9.0,10.0,4.0,1.0,85.0,414.0,1.0,6.0,6.0,7.0,10.0,16.0,485.0,1.0,0.74,0.88
1208515,798,Mallorca,45.0,2.0,5.0,15.0,7.0,3.0,82.0,314.0,0.0,8.0,6.0,4.0,4.0,12.0,385.0,0.0,0.9,0.88
1208516,534,Las Palmas,44.0,1.0,2.0,16.0,7.0,1.0,85.0,360.0,,4.0,4.0,2.0,3.0,7.0,422.0,0.0,0.76,0.0
1208516,541,Real Madrid,56.0,7.0,6.0,13.0,1.0,0.0,87.0,477.0,,18.0,10.0,8.0,7.0,25.0,547.0,2.0,2.95,0.0
1208517,529,Barcelona,65.0,11.0,6.0,11.0,3.0,1.0,84.0,444.0,,11.0,6.0,5.0,11.0,22.0,529.0,1.0,1.4,-0.64
1208517,728,Rayo Vallecano,35.0,1.0,6.0,17.0,3.0,4.0,74.0,201.0,,6.0,3.0,4.0,2.0,8.0,270.0,3.0,0.43,-0.64
1208518,533,Villarreal,45.0,4.0,7.0,8.0,4.0,2.0,89.0,402.0,,16.0,11.0,9.0,8.0,24.0,450.0,4.0,3.64,1.25
1208518,538,Celta Vigo,55.0,6.0,4.0,7.0,6.0,1.0,89.0,504.0,,15.0,5.0,9.0,5.0,20.0,565.0,3.0,2.72,1.25
1208519,542,Alaves,47.0,1.0,6.0,13.0,0.0,3.0,75.0,227.0,0.0,11.0,8.0,5.0,3.0,14.0,304.0,4.0,1.54,0.0
1208519,548,Real Sociedad,53.0,3.0,8.0,16.0,3.0,3.0,77.0,270.0,1.0,5.0,6.0,1.0,5.0,10.0,350.0,4.0,1.15,0.0
1208520,537,Leganes,41.0,2.0,4.0,19.0,2.0,2.0,82.0,295.0,,2.0,4.0,1.0,5.0,7.0,360.0,5.0,0.18,0.35
1208520,720,Valladolid,59.0,1.0,4.0,13.0,1.0,0.0,88.0,432.0,,11.0,9.0,2.0,1.0,12.0,493.0,1.0,1.0,0.35
1208521,530,Atletico Madrid,47.0,3.0,2.0,9.0,1.0,2.0,84.0,439.0,,7.0,4.0,2.0,2.0,9.0,524.0,1.0,1.73,0.0
1208521,531,Athletic Club,53.0,2.0,2.0,13.0,1.0,1.0,87.0,508.0,,2.0,5.0,1.0,6.0,8.0,585.0,3.0,0.29,0.0
1208522,529,Barcelona,71.0,5.0,10.0,6.0,1.0,4.0,92.0,545.0,,17.0,7.0,11.0,6.0,23.0,595.0,0.0,3.84,0.0
1208522,720,Valladolid,29.0,1.0,1.0,12.0,4.0,4.0,80.0,197.0,,2.0,2.0,1.0,2.0,4.0,247.0,3.0,0.43,0.0
1208523,546,Getafe,53.0,8.0,4.0,14.0,0.0,2.0,67.0,229.0,,4.0,7.0,1.0,12.0,16.0,340.0,1.0,0.57,0.0
1208523,548,Real Sociedad,47.0,1.0,1.0,16.0,1.0,1.0,67.0,210.0,,0.0,0.0,0.0,1.0,1.0,314.0,1.0,0.02,0.0
1208524,532,Valencia,58.0,8.0,14.0,15.0,1.0,1.0,87.0,419.0,0.0,10.0,9.0,5.0,12.0,22.0,479.0,3.0,0.9,0.0
1208524,533,Villarreal,42.0,3.0,3.0,11.0,4.0,1.0,82.0,306.0,1.0,5.0,4.0,2.0,4.0,9.0,372.0,5.0,0.6,0.0
1208525,534,Las Palmas,71.0,1.0,5.0,9.0,3.0,0.0,87.0,524.0,,7.0,5.0,6.0,5.0,12.0,603.0,0.0,0.62,0.0
1208525,542,Alaves,29.0,4.0,6.0,13.0,6.0,1.0,70.0,167.0,,9.0,6.0,5.0,6.0,15.0,239.0,3.0,2.04,0.0
1208526,537,Leganes,54.0,1.0,1.0,11.0,2.0,3.0,83.0,391.0,,5.0,6.0,2.0,4.0,9.0,473.0,1.0,0.34,0.0
1208526,798,Mallorca,46.0,4.0,3.0,17.0,2.0,0.0,79.0,317.0,,9.0,5.0,3.0,3.0,12.0,400.0,3.0,0.98,0.0
1208527,541,Real Madrid,60.0,9.0,7.0,9.0,2.0,1.0,90.0,546.0,,18.0,6.0,7.0,4.0,22.0,608.0,2.0,2.45,0.0
1208527,543,Real Betis,40.0,6.0,3.0,17.0,5.0,2.0,84.0,353.0,,8.0,3.0,2.0,3.0,11.0,421.0,0.0,0.51,0.0
1208528,538,Celta Vigo,50.0,4.0,3.0,10.0,1.0,3.0,83.0,381.0,1.0,5.0,4.0,4.0,7.0,12.0,460.0,0.0,1.66,-1.0
1208528,727,Osasuna,50.0,5.0,6.0,19.0,3.0,3.0,83.0,376.0,0.0,7.0,2.0,3.0,3.0,10.0,451.0,2.0,0.89,-1.0
1208529,536,Sevilla,49.0,5.0,7.0,6.0,2.0,4.0,85.0,366.0,,8.0,6.0,5.0,8.0,16.0,433.0,3.0,0.97,0.0
1208529,547,Girona,51.0,2.0,5.0,14.0,5.0,0.0,89.0,384.0,,9.0,5.0,4.0,2.0,11.0,433.0,2.0,1.94,0.0
1208530,530,Atletico Madrid,53.0,1.0,7.0,10.0,1.0,1.0,85.0,438.0,,14.0,9.0,4.0,0.0,14.0,515.0,1.0,3.24,0.0
1208530,532,Valencia,47.0,1.0,3.0,8.0,1.0,2.0,83.0,385.0,,2.0,3.0,1.0,3.0,5.0,465.0,2.0,0.15,0.0
1208531,537,Leganes,36.0,1.0,1.0,18.0,3.0,1.0,75.0,263.0,,1.0,2.0,0.0,2.0,3.0,352.0,2.0,0.1,0.0
1208531,543,Real Betis,64.0,3.0,11.0,11.0,0.0,2.0,87.0,533.0,,10.0,6.0,5.0,4.0,14.0,611.0,1.0,2.12,0.0
1208532,538,Celta Vigo,54.0,4.0,5.0,14.0,1.0,3.0,87.0,419.0,0.0,12.0,1.0,9.0,2.0,14.0,484.0,3.0,1.84,0.0
1208532,720,Valladolid,46.0,2.0,3.0,15.0,6.0,1.0,85.0,344.0,1.0,5.0,2.0,2.0,1.0,6.0,406.0,5.0,0.51,0.0
1208533,533,Villarreal,46.0,8.0,6.0,10.0,4.0,1.0,81.0,313.0,0.0,12.0,9.0,4.0,9.0,21.0,385.0,3.0,1.77,0.0
1208533,798,Mallorca,54.0,2.0,7.0,11.0,2.0,2.0,81.0,356.0,1.0,7.0,3.0,4.0,2.0,9.0,439.0,3.0,0.35,0.0
1208534,531,Athletic Club,35.0,0.0,3.0,12.0,3.0,1.0,69.0,231.0,1.0,6.0,5.0,4.0,3.0,9.0,334.0,2.0,2.24,0.0
1208534,534,Las Palmas,65.0,5.0,9.0,8.0,1.0,0.0,83.0,498.0,0.0,9.0,4.0,6.0,6.0,15.0,599.0,1.0,1.16,0.0
1208535,529,Barcelona,55.0,2.0,6.0,4.0,3.0,0.0,87.0,414.0,1.0,13.0,9.0,9.0,7.0,20.0,476.0,2.0,1.82,0.0
1208535,547,Girona,45.0,2.0,1.0,13.0,5.0,7.0,88.0,343.0,0.0,7.0,3.0,4.0,2.0,9.0,392.0,3.0,1.35,0.0
1208536,536,Sevilla,61.0,2.0,3.0,19.0,4.0,1.0,79.0,351.0,1.0,8.0,4.0,4.0,2.0,10.0,442.0,3.0,1.41,0.0
1208536,546,Getafe,39.0,5.0,4.0,15.0,3.0,2.0,70.0,186.0,0.0,6.0,6.0,4.0,9.0,15.0,266.0,4.0,0.99,0.0
1208537,727,Osasuna,34.0,0.0,4.0,15.0,3.0,0.0,58.0,146.0,,4.0,3.0,2.0,1.0,5.0,250.0,2.0,0.33,-1.0
1208537,728,Rayo Vallecano,66.0,3.0,7.0,12.0,1.0,3.0,80.0,386.0,,11.0,8.0,6.0,6.0,17.0,485.0,3.0,1.68,-1.0
1208538,541,Real Madrid,52.0,8.0,6.0,9.0,2.0,1.0,88.0,437.0,,10.0,2.0,6.0,6.0,16.0,494.0,1.0,2.38,0.0
1208538,548,Real Sociedad,48.0,4.0,6.0,12.0,4.0,2.0,87.0,393.0,,7.0,5.0,2.0,4.0,11.0,453.0,4.0,1.07,0.0
1208550,548,Real Sociedad,60.0,2.0,5.0,10.0,3.0,1.0,83.0,448.0,,6.0,6.0,5.0,7.0,13.0,537.0,1.0,0.59,0.0
1208550,798,Mallorca,40.0,1.0,5.0,5.0,5.0,3.0,77.0,280.0,,8.0,5.0,4.0,2.0,10.0,364.0,1.0,1.19,0.0
1212910,540,Espanyol,55.0,3.0,2.0,8.0,0.0,1.0,81.0,390.0,,5.0,5.0,2.0,5.0,10.0,479.0,2.0,0.66,-0.86
1212910,720,Valladolid,45.0,5.0,3.0,15.0,2.0,6.0,82.0,319.0,,7.0,6.0,1.0,5.0,12.0,387.0,2.0,0.8,-0.86
1212911,540,Espanyol,34.0,4.0,7.0,14.0,2.0,1.0,74.0,192.0,,11.0,5.0,4.0,2.0,13.0,259.0,2.0,1.3,0.2
1212911,548,Real Sociedad,66.0,2.0,4.0,18.0,3.0,2.0,88.0,461.0,,4.0,3.0,3.0,4.0,8.0,522.0,2.0,0.63,0.2
1212912,530,Atletico Madrid,62.0,8.0,9.0,6.0,1.0,6.0,88.0,523.0,,18.0,10.0,7.0,7.0,25.0,595.0,0.0,2.47,1.0
1212912,540,Espanyol,38.0,0.0,3.0,9.0,7.0,0.0,80.0,289.0,,4.0,7.0,1.0,4.0,8.0,362.0,2.0,0.61,1.0
1212913,540,Espanyol,47.0,3.0,3.0,14.0,4.0,0.0,78.0,276.0,,7.0,4.0,3.0,3.0,10.0,355.0,3.0,1.73,0.0
1212913,728,Rayo Vallecano,53.0,5.0,7.0,16.0,1.0,2.0,82.0,318.0,,9.0,7.0,5.0,8.0,17.0,390.0,2.0,1.35,0.0
1212914,540,Espanyol,38.0,1.0,0.0,17.0,4.0,3.0,76.0,202.0,,7.0,4.0,4.0,2.0,9.0,266.0,2.0,1.56,0.0
1212914,542,Alaves,62.0,6.0,5.0,14.0,1.0,0.0,78.0,335.0,,16.0,7.0,6.0,3.0,19.0,429.0,3.0,2.26,0.0
