fixture_id,date,league_id,season,round,home_team_id,home_team_name,away_team_id,away_team_name,goals_home,goals_away,status_short,home_form_pts_lastN,home_form_wins_lastN,home_form_draws_lastN,home_form_losses_lastN,home_form_gf_avg_lastN,home_form_ga_avg_lastN,home_form_gd_avg_lastN,away_form_pts_lastN,away_form_wins_lastN,away_form_draws_lastN,away_form_losses_lastN,away_form_gf_avg_lastN,away_form_ga_avg_lastN,away_form_gd_avg_lastN,target_result,target_total_goals
1208494,2024-08-15T17:00:00+00:00,140,2024,Regular Season - 1,531,Athletic Club,546,Getafe,1,1,FT,,,,,,,,,,,,,,,D,2
1208495,2024-08-15T19:30:00+00:00,140,2024,Regular Season - 1,543,Real Betis,547,Girona,1,1,FT,,,,,,,,,,,,,,,D,2
1208501,2024-08-16T17:00:00+00:00,140,2024,Regular Season - 1,538,Celta Vigo,542,Alaves,2,1,FT,,,,,,,,,,,,,,,H,3
1208497,2024-08-16T19:30:00+00:00,140,2024,Regular Season - 1,534,Las Palmas,536,Sevilla,2,2,FT,,,,,,,,,,,,,,,D,4
1208502,2024-08-17T17:00:00+00:00,140,2024,Regular Season - 1,727,Osasuna,537,Leganes,1,1,FT,,,,,,,,,,,,,,,D,2
1208499,2024-08-17T19:30:00+00:00,140,2024,Regular Season - 1,532,Valencia,529,Barcelona,1,2,FT,,,,,,,,,,,,,,,A,3
1208500,2024-08-18T17:00:00+00:00,140,2024,Regular Season - 1,548,Real Sociedad,728,Rayo Vallecano,1,2,FT,,,,,,,,,,,,,,,A,3
1208496,2024-08-18T19:30:00+00:00,140,2024,Regular Season - 1,798,Mallorca,541,Real Madrid,1,1,FT,,,,,,,,,,,,,,,D,2
1212910,2024-08-19T17:00:00+00:00,140,2024,Regular Season - 1,720,Valladolid,540,Espanyol,1,0,FT,,,,,,,,,,,,,,,H,1
1208498,2024-08-19T19:30:00+00:00,140,2024,Regular Season - 1,533,Villarreal,530,Atletico Madrid,2,2,FT,,,,,,,,,,,,,,,D,4
1208504,2024-08-23T17:00:00+00:00,140,2024,Regular Season - 2,538,Celta Vigo,532,Valencia,3,1,FT,3.0,1.0,0.0,0.0,2.0,1.0,1.0,0.0,0.0,0.0,1.0,1.0,2.0,-1.0,H,4
1208507,2024-08-23T19:30:00+00:00,140,2024,Regular Season - 2,536,Sevilla,533,Villarreal,1,2,FT,1.0,0.0,1.0,0.0,2.0,2.0,0.0,1.0,0.0,1.0,0.0,2.0,2.0,0.0,A,3
1208511,2024-08-24T15:00:00+00:00,140,2024,Regular Season - 2,727,Osasuna,798,Mallorca,1,0,FT,1.0,0.0,1.0,0.0,1.0,1.0,0.0,1.0,0.0,1.0,0.0,1.0,1.0,0.0,H,1
1208510,2024-08-24T17:00:00+00:00,140,2024,Regular Season - 2,529,Barcelona,531,Athletic Club,2,1,FT,3.0,1.0,0.0,0.0,2.0,1.0,1.0,1.0,0.0,1.0,0.0,1.0,1.0,0.0,H,3
1212911,2024-08-24T19:30:00+00:00,140,2024,Regular Season - 2,540,Espanyol,548,Real Sociedad,0,1,FT,0.0,0.0,0.0,1.0,0.0,1.0,-1.0,0.0,0.0,0.0,1.0,1.0,2.0,-1.0,A,1
1208505,2024-08-24T19:30:00+00:00,140,2024,Regular Season - 2,546,Getafe,728,Rayo Vallecano,0,0,FT,1.0,0.0,1.0,0.0,1.0,1.0,0.0,3.0,1.0,0.0,0.0,2.0,1.0,1.0,D,0
1208506,2024-08-25T15:00:00+00:00,140,2024,Regular Season - 2,541,Real Madrid,720,Valladolid,3,0,FT,1.0,0.0,1.0,0.0,1.0,1.0,0.0,3.0,1.0,0.0,0.0,1.0,0.0,1.0,H,3
1208509,2024-08-25T17:00:00+00:00,140,2024,Regular Season - 2,537,Leganes,534,Las Palmas,2,1,FT,1.0,0.0,1.0,0.0,1.0,1.0,0.0,1.0,0.0,1.0,0.0,2.0,2.0,0.0,H,3
1208508,2024-08-25T17:15:00+00:00,140,2024,Regular Season - 2,542,Alaves,543,Real Betis,0,0,FT,0.0,0.0,0.0,1.0,1.0,2.0,-1.0,1.0,0.0,1.0,0.0,1.0,1.0,0.0,D,0
1208503,2024-08-25T19:30:00+00:00,140,2024,Regular Season - 2,530,Atletico Madrid,547,Girona,3,0,FT,1.0,0.0,1.0,0.0,2.0,2.0,0.0,1.0,0.0,1.0,0.0,1.0,1.0,0.0,H,3
1208518,2024-08-26T19:30:00+00:00,140,2024,Regular Season - 3,533,Villarreal,538,Celta Vigo,4,3,FT,4.0,1.0,1.0,0.0,2.0,1.5,0.5,6.0,2.0,0.0,0.0,2.5,1.0,1.5,H,7
1208515,2024-08-27T17:00:00+00:00,140,2024,Regular Season - 3,798,Mallorca,536,Sevilla,0,0,FT,1.0,0.0,1.0,1.0,0.5,1.0,-0.5,1.0,0.0,1.0,1.0,1.5,2.0,-0.5,D,0
1208517,2024-08-27T19:30:00+00:00,140,2024,Regular Season - 3,728,Rayo Vallecano,529,Barcelona,1,2,FT,4.0,1.0,1.0,0.0,1.0,0.5,0.5,6.0,2.0,0.0,0.0,2.0,1.0,1.0,A,3
1208512,2024-08-28T17:00:00+00:00,140,2024,Regular Season - 3,531,Athletic Club,532,Valencia,1,0,FT,1.0,0.0,1.0,1.0,1.0,1.5,-0.5,0.0,0.0,0.0,2.0,1.0,2.5,-1.5,H,1
1208520,2024-08-28T17:00:00+00:00,140,2024,Regular Season - 3,720,Valladolid,537,Leganes,0,0,FT,3.0,1.0,0.0,1.0,0.5,1.5,-1.0,4.0,1.0,1.0,0.0,1.5,1.0,0.5,D,0
1212912,2024-08-28T19:30:00+00:00,140,2024,Regular Season - 3,530,Atletico Madrid,540,Espanyol,0,0,FT,4.0,1.0,1.0,0.0,2.5,1.0,1.5,0.0,0.0,0.0,2.0,0.0,1.0,-1.0,D,0
1208519,2024-08-28T19:30:00+00:00,140,2024,Regular Season - 3,548,Real Sociedad,542,Alaves,1,2,FT,3.0,1.0,0.0,1.0,1.0,1.0,0.0,1.0,0.0,1.0,1.0,0.5,1.0,-0.5,A,3
1208514,2024-08-29T17:00:00+00:00,140,2024,Regular Season - 3,547,Girona,727,Osasuna,4,0,FT,1.0,0.0,1.0,1.0,0.5,2.0,-1.5,4.0,1.0,1.0,0.0,1.0,0.5,0.5,H,4
1208516,2024-08-29T19:30:00+00:00,140,2024,Regular Season - 3,534,Las Palmas,541,Real Madrid,1,1,FT,1.0,0.0,1.0,1.0,1.5,2.0,-0.5,4.0,1.0,1.0,0.0,2.0,0.5,1.5,D,2
1208522,2024-08-31T15:00:00+00:00,140,2024,Regular Season - 4,529,Barcelona,720,Valladolid,7,0,FT,9.0,3.0,0.0,0.0,2.0,1.0,1.0,4.0,1.0,1.0,1.0,0.3333333333333333,1.0,-0.6666666666666666,H,7
1208521,2024-08-31T17:00:00+00:00,140,2024,Regular Season - 4,531,Athletic Club,530,Atletico Madrid,0,1,FT,4.0,1.0,1.0,1.0,1.0,1.0,0.0,5.0,1.0,2.0,0.0,1.6666666666666667,0.6666666666666666,1.0,A,1
1212913,2024-08-31T17:15:00+00:00,140,2024,Regular Season - 4,540,Espanyol,728,Rayo Vallecano,2,1,FT,1.0,0.0,1.0,2.0,0.0,0.6666666666666666,-0.6666666666666666,4.0,1.0,1.0,1.0,1.0,1.0,0.0,H,3
1208524,2024-08-31T19:30:00+00:00,140,2024,Regular Season - 4,532,Valencia,533,Villarreal,1,1,FT,0.0,0.0,0.0,3.0,0.6666666666666666,2.0,-1.3333333333333333,7.0,2.0,1.0,0.0,2.6666666666666665,2.0,0.6666666666666666,D,2
1208526,2024-08-31T19:30:00+00:00,140,2024,Regular Season - 4,537,Leganes,798,Mallorca,0,1,FT,5.0,1.0,2.0,0.0,1.0,0.6666666666666666,0.3333333333333333,2.0,0.0,2.0,1.0,0.3333333333333333,0.6666666666666666,-0.3333333333333333,A,1
1208525,2024-09-01T15:00:00+00:00,140,2024,Regular Season - 4,542,Alaves,534,Las Palmas,2,0,FT,4.0,1.0,1.0,1.0,1.0,1.0,0.0,2.0,0.0,2.0,1.0,1.3333333333333333,1.6666666666666667,-0.3333333333333333,H,2
1208528,2024-09-01T15:00:00+00:00,140,2024,Regular Season - 4,727,Osasuna,538,Celta Vigo,3,2,FT,4.0,1.0,1.0,1.0,0.6666666666666666,1.6666666666666667,-1.0,6.0,2.0,0.0,1.0,2.6666666666666665,2.0,0.6666666666666666,H,5
1208529,2024-09-01T17:00:00+00:00,140,2024,Regular Season - 4,536,Sevilla,547,Girona,0,2,FT,2.0,0.0,2.0,1.0,1.0,1.3333333333333333,-0.3333333333333333,4.0,1.0,1.0,1.0,1.6666666666666667,1.3333333333333333,0.3333333333333333,A,2
1208523,2024-09-01T17:15:00+00:00,140,2024,Regular Season - 4,546,Getafe,548,Real Sociedad,0,0,FT,2.0,0.0,2.0,0.0,0.5,0.5,0.0,3.0,1.0,0.0,2.0,1.0,1.3333333333333333,-0.3333333333333333,D,0
1208527,2024-09-01T19:30:00+00:00,140,2024,Regular Season - 4,541,Real Madrid,543,Real Betis,2,0,FT,5.0,1.0,2.0,0.0,1.6666666666666667,0.6666666666666666,1.0,2.0,0.0,2.0,0.0,0.5,0.5,0.0,H,2
1208531,2024-09-13T19:00:00+00:00,140,2024,Regular Season - 5,543,Real Betis,537,Leganes,2,0,FT,2.0,0.0,2.0,1.0,0.3333333333333333,1.0,-0.6666666666666666,5.0,1.0,2.0,1.0,0.75,0.75,0.0,H,2
1208533,2024-09-14T12:00:00+00:00,140,2024,Regular Season - 5,798,Mallorca,533,Villarreal,1,2,FT,5.0,1.0,2.0,1.0,0.5,0.5,0.0,8.0,2.0,2.0,0.0,2.25,1.75,0.5,A,3
1212914,2024-09-14T14:15:00+00:00,140,2024,Regular Season - 5,540,Espanyol,542,Alaves,3,2,FT,4.0,1.0,1.0,2.0,0.5,0.75,-0.25,7.0,2.0,1.0,1.0,1.25,0.75,0.5,H,5
1208536,2024-09-14T16:30:00+00:00,140,2024,Regular Season - 5,536,Sevilla,546,Getafe,1,0,FT,2.0,0.0,2.0,2.0,0.75,1.5,-0.75,3.0,0.0,3.0,0.0,0.3333333333333333,0.3333333333333333,0.0,H,1
1208538,2024-09-14T19:00:00+00:00,140,2024,Regular Season - 5,548,Real Sociedad,541,Real Madrid,0,2,FT,4.0,1.0,1.0,2.0,0.75,1.0,-0.25,8.0,2.0,2.0,0.0,1.75,0.5,1.25,A,2
1208532,2024-09-15T12:00:00+00:00,140,2024,Regular Season - 5,538,Celta Vigo,720,Valladolid,3,1,FT,6.0,2.0,0.0,2.0,2.5,2.25,0.25,4.0,1.0,1.0,2.0,0.25,2.5,-2.25,H,4
1208535,2024-09-15T14:15:00+00:00,140,2024,Regular Season - 5,547,Girona,529,Barcelona,1,4,FT,7.0,2.0,1.0,1.0,1.75,1.0,0.75,12.0,4.0,0.0,0.0,3.25,0.75,2.5,A,5
1208534,2024-09-15T16:30:00+00:00,140,2024,Regular Season - 5,534,Las Palmas,531,Athletic Club,2,3,FT,2.0,0.0,2.0,2.0,1.0,1.75,-0.75,4.0,1.0,1.0,2.0,0.75,1.0,-0.25,A,5
1208530,2024-09-15T19:00:00+00:00,140,2024,Regular Season - 5,530,Atletico Madrid,532,Valencia,3,0,FT,8.0,2.0,2.0,0.0,1.5,0.5,1.0,1.0,0.0,1.0,3.0,0.75,1.75,-1.0,H,3
1208537,2024-09-16T19:00:00+00:00,140,2024,Regular Season - 5,728,Rayo Vallecano,727,Osasuna,3,1,FT,4.0,1.0,1.0,2.0,1.0,1.25,-0.25,7.0,2.0,1.0,1.0,1.25,1.75,-0.5,H,4
1208550,2024-09-17T17:00:00+00:00,140,2024,Regular Season - 7,798,Mallorca,548,Real Sociedad,1,0,FT,5.0,1.0,2.0,2.0,0.6,0.8,-0.2,4.0,1.0,1.0,3.0,0.6,1.2,-0.6,H,1
1208513,2024-09-18T17:00:00+00:00,140,2024,Regular Season - 3,543,Real Betis,546,Getafe,2,1,FT,5.0,1.0,2.0,1.0,0.75,0.75,0.0,3.0,0.0,3.0,1.0,0.25,0.5,-0.25,H,3
1208552,2024-09-19T17:00:00+00:00,140,2024,Regular Season - 7,537,Leganes,531,Athletic Club,0,2,FT,5.0,1.0,2.0,2.0,0.6,1.0,-0.4,7.0,2.0,1.0,2.0,1.2,1.2,0.0,A,2
1208542,2024-09-20T19:00:00+00:00,140,2024,Regular Season - 6,542,Alaves,536,Sevilla,2,1,FT,7.0,2.0,1.0,2.0,1.4,1.2,0.2,5.0,1.0,2.0,2.0,0.8,1.2,-0.4,H,3
1208546,2024-09-21T12:00:00+00:00,140,2024,Regular Season - 6,720,Valladolid,548,Real Sociedad,0,0,FT,4.0,1.0,1.0,3.0,0.4,2.6,-2.2,4.0,1.0,1.0,3.0,0.4,1.0,-0.6,D,0
1208547,2024-09-21T14:15:00+00:00,140,2024,Regular Season - 6,727,Osasuna,534,Las Palmas,2,1,FT,7.0,2.0,1.0,2.0,1.2,2.0,-0.8,2.0,0.0,2.0,3.0,1.2,2.0,-0.8,H,3
1208545,2024-09-21T16:30:00+00:00,140,2024,Regular Season - 6,532,Valencia,547,Girona,2,0,FT,1.0,0.0,1.0,4.0,0.6,2.0,-1.4,7.0,2.0,1.0,2.0,1.6,1.6,0.0,H,2
1212915,2024-09-21T19:00:00+00:00,140,2024,Regular Season - 6,541,Real Madrid,540,Espanyol,4,1,FT,11.0,3.0,2.0,0.0,1.8,0.4,1.4,7.0,2.0,1.0,2.0,1.0,1.0,0.0,H,5
1208541,2024-09-22T12:00:00+00:00,140,2024,Regular Season - 6,546,Getafe,537,Leganes,1,1,FT,3.0,0.0,3.0,2.0,0.4,0.8,-0.4,4.0,1.0,1.0,3.0,0.4,1.2,-0.8,D,2
1208539,2024-09-22T14:15:00+00:00,140,2024,Regular Season - 6,531,Athletic Club,538,Celta Vigo,3,1,FT,9.0,3.0,0.0,2.0,1.4,1.0,0.4,9.0,3.0,0.0,2.0,2.6,2.0,0.6,H,4
1208544,2024-09-22T16:30:00+00:00,140,2024,Regular Season - 6,533,Villarreal,529,Barcelona,1,5,FT,11.0,3.0,2.0,0.0,2.2,1.6,0.6,15.0,5.0,0.0,0.0,3.4,0.8,2.6,A,6
1208543,2024-09-22T19:00:00+00:00,140,2024,Regular Season - 6,728,Rayo Vallecano,530,Atletico Madrid,1,1,FT,7.0,2.0,1.0,2.0,1.4,1.2,0.2,11.0,3.0,2.0,0.0,1.8,0.4,1.4,D,2
1208540,2024-09-23T19:00:00+00:00,140,2024,Regular Season - 6,543,Real Betis,798,Mallorca,1,2,FT,8.0,2.0,2.0,1.0,1.0,0.8,0.2,7.0,2.0,1.0,2.0,0.6,0.6,0.0,A,3
1208555,2024-09-24T17:00:00+00:00,140,2024,Regular Season - 7,532,Valencia,727,Osasuna,0,0,FT,4.0,1.0,1.0,3.0,0.8,1.6,-0.8,9.0,3.0,0.0,2.0,1.4,2.0,-0.6,D,0
1208551,2024-09-24T17:00:00+00:00,140,2024,Regular Season - 7,536,Sevilla,720,Valladolid,2,1,FT,4.0,1.0,1.0,3.0,0.6,1.2,-0.6,2.0,0.0,2.0,3.0,0.2,2.6,-2.4,H,3
1208556,2024-09-24T19:00:00+00:00,140,2024,Regular Season - 7,541,Real Madrid,542,Alaves,3,2,FT,13.0,4.0,1.0,0.0,2.4,0.4,2.0,10.0,3.0,1.0,1.0,1.6,1.0,0.6,H,5
1208549,2024-09-25T17:00:00+00:00,140,2024,Regular Season - 7,547,Girona,728,Rayo Vallecano,0,0,FT,6.0,2.0,0.0,3.0,1.4,1.8,-0.4,5.0,1.0,2.0,2.0,1.2,1.2,0.0,D,0
1208548,2024-09-25T19:00:00+00:00,140,2024,Regular Season - 7,529,Barcelona,546,Getafe,1,0,FT,15.0,5.0,0.0,0.0,4.0,0.8,3.2,3.0,0.0,3.0,2.0,0.4,0.8,-0.4,H,1
1208554,2024-09-26T17:00:00+00:00,140,2024,Regular Season - 7,534,Las Palmas,543,Real Betis,1,1,FT,1.0,0.0,1.0,4.0,1.0,2.0,-1.0,7.0,2.0,1.0,2.0,1.0,1.0,0.0,D,2
1212916,2024-09-26T17:00:00+00:00,140,2024,Regular Season - 7,540,Espanyol,533,Villarreal,1,2,FT,7.0,2.0,1.0,2.0,1.2,1.6,-0.4,10.0,3.0,1.0,1.0,2.0,2.2,-0.2,A,3
1208553,2024-09-26T19:00:00+00:00,140,2024,Regular Season - 7,538,Celta Vigo,530,Atletico Madrid,0,1,FT,6.0,2.0,0.0,3.0,2.4,2.4,0.0,11.0,3.0,2.0,0.0,1.6,0.2,1.4,A,1
1208562,2024-09-27T19:00:00+00:00,140,2024,Regular Season - 8,720,Valladolid,798,Mallorca,1,2,FT,2.0,0.0,2.0,3.0,0.4,2.4,-2.0,10.0,3.0,1.0,1.0,1.0,0.6,0.4,A,3
1208564,2024-09-28T12:00:00+00:00,140,2024,Regular Season - 8,546,Getafe,542,Alaves,2,0,FT,2.0,0.0,2.0,3.0,0.4,1.0,-0.6,9.0,3.0,0.0,2.0,2.0,1.6,0.4,H,2
1208565,2024-09-28T14:15:00+00:00,140,2024,Regular Season - 8,728,Rayo Vallecano,537,Leganes,1,1,FT,5.0,1.0,2.0,2.0,1.2,1.2,0.0,2.0,0.0,2.0,3.0,0.2,1.2,-1.0,D,2
1208560,2024-09-28T16:30:00+00:00,140,2024,Regular Season - 8,548,Real Sociedad,532,Valencia,3,0,FT,2.0,0.0,2.0,3.0,0.2,1.0,-0.8,5.0,1.0,2.0,2.0,0.6,1.0,-0.4,H,3
1208561,2024-09-28T19:00:00+00:00,140,2024,Regular Season - 8,727,Osasuna,529,Barcelona,4,2,FT,7.0,2.0,1.0,2.0,1.2,2.0,-0.8,15.0,5.0,0.0,0.0,3.8,0.6,3.2,H,6
1208559,2024-09-29T12:00:00+00:00,140,2024,Regular Season - 8,538,Celta Vigo,547,Girona,1,1,FT,3.0,1.0,0.0,4.0,1.8,2.4,-0.6,7.0,2.0,1.0,2.0,1.4,1.2,0.2,D,2
1208557,2024-09-29T14:15:00+00:00,140,2024,Regular Season - 8,531,Athletic Club,536,Sevilla,1,1,FT,12.0,4.0,0.0,1.0,1.8,0.8,1.0,7.0,2.0,1.0,2.0,0.8,1.0,-0.2,D,2
1212917,2024-09-29T16:30:00+00:00,140,2024,Regular Season - 8,543,Real Betis,540,Espanyol,1,0,FT,7.0,2.0,1.0,2.0,1.2,1.2,0.0,7.0,2.0,1.0,2.0,1.4,1.8,-0.4,H,1
1208558,2024-09-29T19:00:00+00:00,140,2024,Regular Season - 8,530,Atletico Madrid,541,Real Madrid,1,1,FT,11.0,3.0,2.0,0.0,1.2,0.2,1.0,13.0,4.0,1.0,0.0,2.4,0.8,1.6,D,2
1208563,2024-09-30T19:00:00+00:00,140,2024,Regular Season - 8,533,Villarreal,534,Las Palmas,3,1,FT,10.0,3.0,1.0,1.0,2.0,2.2,-0.2,2.0,0.0,2.0,3.0,1.0,1.8,-0.8,H,4
1208569,2024-10-04T19:00:00+00:00,140,2024,Regular Season - 9,537,Leganes,532,Valencia,0,0,FT,2.0,0.0,2.0,3.0,0.4,1.4,-1.0,5.0,1.0,2.0,2.0,0.6,1.4,-0.8,D,0
1212918,2024-10-05T12:00:00+00:00,140,2024,Regular Season - 9,540,Espanyol,798,Mallorca,2,1,FT,6.0,2.0,0.0,3.0,1.4,2.0,-0.6,12.0,4.0,0.0,1.0,1.4,0.8,0.6,H,3
1208566,2024-10-05T14:15:00+00:00,140,2024,Regular Season - 9,546,Getafe,727,Osasuna,1,1,FT,4.0,1.0,1.0,3.0,0.8,1.0,-0.2,10.0,3.0,1.0,1.0,2.0,1.6,0.4,D,2
1208573,2024-10-05T16:30:00+00:00,140,2024,Regular Season - 9,534,Las Palmas,538,Celta Vigo,0,1,FT,1.0,0.0,1.0,4.0,1.0,2.2,-1.2,4.0,1.0,1.0,3.0,1.4,1.8,-0.4,A,1
1208574,2024-10-05T16:30:00+00:00,140,2024,Regular Season - 9,720,Valladolid,728,Rayo Vallecano,1,2,FT,1.0,0.0,1.0,4.0,0.6,2.8,-2.2,6.0,1.0,3.0,1.0,1.2,1.0,0.2,A,3
1208567,2024-10-05T19:00:00+00:00,140,2024,Regular Season - 9,541,Real Madrid,533,Villarreal,2,0,FT,13.0,4.0,1.0,0.0,2.4,0.8,1.6,10.0,3.0,1.0,1.0,1.8,1.8,0.0,H,2
1208570,2024-10-06T12:00:00+00:00,140,2024,Regular Season - 9,547,Girona,531,Athletic Club,2,1,FT,5.0,1.0,2.0,2.0,0.8,1.4,-0.6,10.0,3.0,1.0,1.0,1.8,1.0,0.8,H,3
1208568,2024-10-06T14:15:00+00:00,140,2024,Regular Season - 9,542,Alaves,529,Barcelona,0,3,FT,6.0,2.0,0.0,3.0,1.6,1.8,-0.2,12.0,4.0,0.0,1.0,3.8,1.2,2.6,A,3
1208572,2024-10-06T16:30:00+00:00,140,2024,Regular Season - 9,536,Sevilla,543,Real Betis,1,0,FT,7.0,2.0,1.0,2.0,1.0,1.2,-0.2,10.0,3.0,1.0,1.0,1.4,0.8,0.6,H,1
1208571,2024-10-06T19:00:00+00:00,140,2024,Regular Season - 9,548,Real Sociedad,530,Atletico Madrid,1,1,FT,5.0,1.0,2.0,2.0,0.6,0.6,0.0,11.0,3.0,2.0,0.0,1.4,0.4,1.0,D,2
1208580,2024-10-18T19:00:00+00:00,140,2024,Regular Season - 10,542,Alaves,720,Valladolid,2,3,FT,3.0,1.0,0.0,4.0,1.2,2.4,-1.2,1.0,0.0,1.0,4.0,0.8,1.8,-1.0,A,5
1212919,2024-10-19T12:00:00+00:00,140,2024,Regular Season - 10,531,Athletic Club,540,Espanyol,4,1,FT,10.0,3.0,1.0,1.0,2.0,1.2,0.8,6.0,2.0,0.0,3.0,1.4,2.0,-0.6,H,5
1208581,2024-10-19T14:15:00+00:00,140,2024,Regular Season - 10,727,Osasuna,543,Real Betis,1,2,FT,8.0,2.0,2.0,1.0,1.6,1.4,0.2,7.0,2.0,1.0,2.0,1.0,1.0,0.0,A,3
1208578,2024-10-19T16:30:00+00:00,140,2024,Regular Season - 10,547,Girona,548,Real Sociedad,0,1,FT,5.0,1.0,2.0,2.0,0.8,1.6,-0.8,5.0,1.0,2.0,2.0,0.8,0.8,0.0,A,1
1208577,2024-10-19T19:00:00+00:00,140,2024,Regular Season - 10,538,Celta Vigo,541,Real Madrid,1,2,FT,7.0,2.0,1.0,2.0,1.2,1.2,0.0,13.0,4.0,1.0,0.0,2.4,0.8,1.6,A,3
1208579,2024-10-20T12:00:00+00:00,140,2024,Regular Season - 10,798,Mallorca,728,Rayo Vallecano,1,0,FT,9.0,3.0,0.0,2.0,1.4,1.2,0.2,9.0,2.0,3.0,0.0,1.4,0.8,0.6,H,1
1208575,2024-10-20T14:15:00+00:00,140,2024,Regular Season - 10,530,Atletico Madrid,537,Leganes,3,1,FT,9.0,2.0,3.0,0.0,1.4,0.6,0.8,3.0,0.0,3.0,2.0,0.4,1.2,-0.8,H,4
1208582,2024-10-20T16:30:00+00:00,140,2024,Regular Season - 10,533,Villarreal,546,Getafe,1,1,FT,9.0,3.0,0.0,2.0,1.6,2.0,-0.4,5.0,1.0,2.0,2.0,1.0,1.0,0.0,D,2
1208576,2024-10-20T19:00:00+00:00,140,2024,Regular Season - 10,529,Barcelona,536,Sevilla,5,1,FT,12.0,4.0,0.0,1.0,3.0,1.2,1.8,10.0,3.0,1.0,1.0,1.2,0.8,0.4,H,6
1208583,2024-10-21T19:00:00+00:00,140,2024,Regular Season - 10,532,Valencia,534,Las Palmas,2,3,FT,5.0,1.0,2.0,2.0,0.4,1.2,-0.8,1.0,0.0,1.0,4.0,1.0,2.0,-1.0,A,5
1212920,2024-10-25T19:00:00+00:00,140,2024,Regular Season - 11,540,Espanyol,536,Sevilla,0,2,FT,3.0,1.0,0.0,4.0,1.0,2.4,-1.4,7.0,2.0,1.0,2.0,1.2,1.8,-0.6,A,2
1208591,2024-10-26T12:00:00+00:00,140,2024,Regular Season - 11,720,Valladolid,533,Villarreal,1,2,FT,4.0,1.0,1.0,3.0,1.2,1.6,-0.4,7.0,2.0,1.0,2.0,1.4,2.0,-0.6,A,3
1208592,2024-10-26T14:15:00+00:00,140,2024,Regular Season - 11,728,Rayo Vallecano,542,Alaves,1,0,FT,6.0,1.0,3.0,1.0,0.8,0.8,0.0,3.0,1.0,0.0,4.0,1.2,2.4,-1.2,H,1
1208589,2024-10-26T16:30:00+00:00,140,2024,Regular Season - 11,534,Las Palmas,547,Girona,1,0,FT,4.0,1.0,1.0,3.0,1.2,1.8,-0.6,5.0,1.0,2.0,2.0,0.6,1.0,-0.4,H,1
1208587,2024-10-26T19:00:00+00:00,140,2024,Regular Season - 11,541,Real Madrid,529,Barcelona,0,4,FT,13.0,4.0,1.0,0.0,2.4,1.0,1.4,12.0,4.0,0.0,1.0,3.2,1.2,2.0,A,4
1208588,2024-10-27T12:00:00+00:00,140,2024,Regular Season - 11,537,Leganes,538,Celta Vigo,3,0,FT,3.0,0.0,3.0,2.0,0.6,1.4,-0.8,4.0,1.0,1.0,3.0,0.8,1.4,-0.6,H,3
1208584,2024-10-27T14:15:00+00:00,140,2024,Regular Season - 11,546,Getafe,532,Valencia,1,1,FT,6.0,1.0,3.0,1.0,1.0,0.8,0.2,5.0,1.0,2.0,2.0,0.8,1.2,-0.4,D,2
1208586,2024-10-27T16:30:00+00:00,140,2024,Regular Season - 11,543,Real Betis,530,Atletico Madrid,1,0,FT,7.0,2.0,1.0,2.0,1.0,1.0,0.0,9.0,2.0,3.0,0.0,1.4,0.8,0.6,H,1
1208590,2024-10-27T20:00:00+00:00,140,2024,Regular Season - 11,548,Real Sociedad,727,Osasuna,0,2,FT,8.0,2.0,2.0,1.0,1.0,0.4,0.6,8.0,2.0,2.0,1.0,1.6,1.2,0.4,A,2
1208585,2024-10-28T20:00:00+00:00,140,2024,Regular Season - 11,798,Mallorca,531,Athletic Club,0,0,FT,12.0,4.0,0.0,1.0,1.4,0.8,0.6,10.0,3.0,1.0,1.0,2.2,1.0,1.2,D,0
1208598,2024-11-01T20:00:00+00:00,140,2024,Regular Season - 12,542,Alaves,798,Mallorca,1,0,FT,0.0,0.0,0.0,5.0,0.8,2.4,-1.6,10.0,3.0,1.0,1.0,1.2,0.8,0.4,H,1
1208597,2024-11-02T13:00:00+00:00,140,2024,Regular Season - 12,727,Osasuna,720,Valladolid,1,0,FT,8.0,2.0,2.0,1.0,1.6,1.0,0.6,3.0,1.0,0.0,4.0,1.4,2.0,-0.6,H,1
1208596,2024-11-02T15:15:00+00:00,140,2024,Regular Season - 12,547,Girona,537,Leganes,4,3,FT,5.0,1.0,2.0,2.0,0.6,0.8,-0.2,6.0,1.0,3.0,1.0,1.2,1.0,0.2,H,7
1208594,2024-11-03T13:00:00+00:00,140,2024,Regular Season - 12,530,Atletico Madrid,534,Las Palmas,2,0,FT,8.0,2.0,2.0,1.0,1.2,0.8,0.4,7.0,2.0,1.0,2.0,1.2,1.4,-0.2,H,2
1212921,2024-11-03T15:15:00+00:00,140,2024,Regular Season - 12,529,Barcelona,540,Espanyol,3,1,FT,12.0,4.0,0.0,1.0,3.0,1.0,2.0,3.0,1.0,0.0,4.0,0.8,2.0,-1.2,H,4
1208601,2024-11-03T17:30:00+00:00,140,2024,Regular Season - 12,536,Sevilla,548,Real Sociedad,0,2,FT,10.0,3.0,1.0,1.0,1.4,1.4,0.0,8.0,2.0,2.0,1.0,1.0,0.6,0.4,A,2
1208593,2024-11-03T20:00:00+00:00,140,2024,Regular Season - 12,531,Athletic Club,543,Real Betis,1,1,FT,8.0,2.0,2.0,1.0,1.8,1.0,0.8,10.0,3.0,1.0,1.0,1.0,0.6,0.4,D,2
1208595,2024-11-04T20:00:00+00:00,140,2024,Regular Season - 12,538,Celta Vigo,546,Getafe,1,0,FT,4.0,1.0,1.0,3.0,0.6,1.4,-0.8,6.0,1.0,3.0,1.0,1.0,0.8,0.2,H,1
1208609,2024-11-08T20:00:00+00:00,140,2024,Regular Season - 13,728,Rayo Vallecano,534,Las Palmas,1,3,FT,8.0,2.0,2.0,1.0,0.8,0.6,0.2,6.0,2.0,0.0,3.0,1.0,1.6,-0.6,A,4
1208608,2024-11-09T13:00:00+00:00,140,2024,Regular Season - 13,541,Real Madrid,727,Osasuna,4,0,FT,10.0,3.0,1.0,1.0,1.6,1.6,0.0,10.0,3.0,1.0,1.0,1.8,1.0,0.8,H,4
1208610,2024-11-09T15:15:00+00:00,140,2024,Regular Season - 13,533,Villarreal,542,Alaves,3,0,FT,10.0,3.0,1.0,1.0,1.6,1.2,0.4,3.0,1.0,0.0,4.0,0.6,1.8,-1.2,H,3
1208604,2024-11-09T20:00:00+00:00,140,2024,Regular Season - 13,537,Leganes,536,Sevilla,1,0,FT,5.0,1.0,2.0,2.0,1.6,1.6,0.0,7.0,2.0,1.0,2.0,1.0,1.6,-0.6,H,1
1208602,2024-11-10T13:00:00+00:00,140,2024,Regular Season - 13,543,Real Betis,538,Celta Vigo,2,2,FT,10.0,3.0,1.0,1.0,1.0,0.6,0.4,7.0,2.0,1.0,2.0,0.8,1.2,-0.4,D,4
1208606,2024-11-10T15:15:00+00:00,140,2024,Regular Season - 13,798,Mallorca,530,Atletico Madrid,0,1,FT,7.0,2.0,1.0,2.0,0.8,0.8,0.0,8.0,2.0,2.0,1.0,1.4,0.8,0.6,A,1
1208603,2024-11-10T17:30:00+00:00,140,2024,Regular Season - 13,546,Getafe,547,Girona,0,1,FT,6.0,1.0,3.0,1.0,1.0,0.8,0.2,7.0,2.0,1.0,2.0,1.4,1.4,0.0,A,1
1208605,2024-11-10T17:30:00+00:00,140,2024,Regular Season - 13,720,Valladolid,531,Athletic Club,1,1,FT,3.0,1.0,0.0,4.0,1.2,1.8,-0.6,6.0,1.0,3.0,1.0,1.4,1.0,0.4,D,2
1208607,2024-11-10T20:00:00+00:00,140,2024,Regular Season - 13,548,Real Sociedad,529,Barcelona,1,0,FT,10.0,3.0,1.0,1.0,1.4,0.6,0.8,12.0,4.0,0.0,1.0,3.4,1.2,2.2,H,1
1208612,2024-11-22T20:00:00+00:00,140,2024,Regular Season - 14,546,Getafe,720,Valladolid,2,0,FT,3.0,0.0,3.0,2.0,0.6,1.0,-0.4,4.0,1.0,1.0,3.0,1.2,1.6,-0.4,H,2
1208617,2024-11-23T13:00:00+00:00,140,2024,Regular Season - 14,532,Valencia,543,Real Betis,4,2,FT,3.0,0.0,3.0,2.0,0.6,1.4,-0.8,8.0,2.0,2.0,1.0,1.2,1.0,0.2,H,6
1208619,2024-11-23T15:15:00+00:00,140,2024,Regular Season - 14,530,Atletico Madrid,542,Alaves,2,1,FT,10.0,3.0,1.0,1.0,1.4,0.6,0.8,3.0,1.0,0.0,4.0,0.6,2.0,-1.4,H,3
1208614,2024-11-23T17:30:00+00:00,140,2024,Regular Season - 14,534,Las Palmas,798,Mallorca,2,3,FT,9.0,3.0,0.0,2.0,1.4,1.2,0.2,4.0,1.0,1.0,3.0,0.4,0.8,-0.4,A,5
1212923,2024-11-23T17:30:00+00:00,140,2024,Regular Season - 14,547,Girona,540,Espanyol,4,1,FT,9.0,3.0,0.0,2.0,1.4,1.2,0.2,3.0,1.0,0.0,4.0,0.8,2.2,-1.4,H,5
1208616,2024-11-23T20:00:00+00:00,140,2024,Regular Season - 14,538,Celta Vigo,529,Barcelona,2,2,FT,7.0,2.0,1.0,2.0,1.0,1.4,-0.4,12.0,4.0,0.0,1.0,3.0,0.6,2.4,D,4
1208613,2024-11-24T13:00:00+00:00,140,2024,Regular Season - 14,727,Osasuna,533,Villarreal,2,2,FT,7.0,2.0,1.0,2.0,1.0,1.4,-0.4,10.0,3.0,1.0,1.0,1.8,1.0,0.8,D,4
1208618,2024-11-24T15:15:00+00:00,140,2024,Regular Season - 14,536,Sevilla,728,Rayo Vallecano,1,0,FT,6.0,2.0,0.0,3.0,0.8,1.6,-0.8,7.0,2.0,1.0,2.0,1.0,1.2,-0.2,H,1
1208615,2024-11-24T17:30:00+00:00,140,2024,Regular Season - 14,537,Leganes,541,Real Madrid,0,3,FT,7.0,2.0,1.0,2.0,1.6,1.4,0.2,10.0,3.0,1.0,1.0,1.8,1.2,0.6,A,3
1208611,2024-11-24T20:00:00+00:00,140,2024,Regular Season - 14,531,Athletic Club,548,Real Sociedad,1,0,FT,6.0,1.0,3.0,1.0,1.4,1.0,0.4,10.0,3.0,1.0,1.0,1.0,0.6,0.4,H,1
1208621,2024-11-29T20:00:00+00:00,140,2024,Regular Season - 15,798,Mallorca,532,Valencia,2,1,FT,7.0,2.0,1.0,2.0,0.8,0.8,0.0,5.0,1.0,2.0,2.0,1.4,1.8,-0.4,H,3
1208620,2024-11-30T13:00:00+00:00,140,2024,Regular Season - 15,529,Barcelona,534,Las Palmas,1,2,FT,10.0,3.0,1.0,1.0,2.8,1.0,1.8,9.0,3.0,0.0,2.0,1.8,1.6,0.2,A,3
1208622,2024-11-30T15:15:00+00:00,140,2024,Regular Season - 15,542,Alaves,537,Leganes,1,1,FT,3.0,1.0,0.0,4.0,0.8,1.8,-1.0,6.0,2.0,0.0,3.0,1.6,2.0,-0.4,D,2
1212924,2024-11-30T17:30:00+00:00,140,2024,Regular Season - 15,540,Espanyol,538,Celta Vigo,3,1,FT,3.0,1.0,0.0,4.0,1.0,2.8,-1.8,5.0,1.0,2.0,2.0,1.2,1.8,-0.6,H,4
1208624,2024-11-30T20:00:00+00:00,140,2024,Regular Season - 15,720,Valladolid,530,Atletico Madrid,0,5,FT,4.0,1.0,1.0,3.0,1.0,1.6,-0.6,12.0,4.0,0.0,1.0,1.6,0.6,1.0,A,5
1208627,2024-12-01T13:00:00+00:00,140,2024,Regular Season - 15,533,Villarreal,547,Girona,2,2,FT,8.0,2.0,2.0,1.0,1.6,1.2,0.4,9.0,3.0,0.0,2.0,1.8,1.2,0.6,D,4
1208626,2024-12-01T15:15:00+00:00,140,2024,Regular Season - 15,541,Real Madrid,546,Getafe,2,0,FT,12.0,4.0,0.0,1.0,2.2,1.0,1.2,5.0,1.0,2.0,2.0,0.8,0.8,0.0,H,2
1208623,2024-12-01T17:30:00+00:00,140,2024,Regular Season - 15,728,Rayo Vallecano,531,Athletic Club,1,2,FT,6.0,2.0,0.0,3.0,0.8,1.2,-0.4,9.0,2.0,3.0,0.0,1.4,0.6,0.8,A,3
1208625,2024-12-01T20:00:00+00:00,140,2024,Regular Season - 15,548,Real Sociedad,543,Real Betis,2,0,FT,9.0,3.0,0.0,2.0,0.8,0.6,0.2,8.0,2.0,2.0,1.0,1.6,1.6,0.0,H,2
1208628,2024-12-02T20:00:00+00:00,140,2024,Regular Season - 15,536,Sevilla,727,Osasuna,1,1,FT,6.0,2.0,0.0,3.0,0.8,1.6,-0.8,7.0,2.0,1.0,2.0,1.2,1.6,-0.4,D,2
1208661,2024-12-03T18:00:00+00:00,140,2024,Regular Season - 19,798,Mallorca,529,Barcelona,1,5,FT,7.0,2.0,1.0,2.0,1.0,1.0,0.0,7.0,2.0,1.0,2.0,2.0,1.2,0.8,A,6
1208656,2024-12-04T20:00:00+00:00,140,2024,Regular Season - 19,531,Athletic Club,541,Real Madrid,2,1,FT,9.0,2.0,3.0,0.0,1.0,0.6,0.4,12.0,4.0,0.0,1.0,2.2,1.0,1.2,H,3
1208631,2024-12-06T20:00:00+00:00,140,2024,Regular Season - 16,538,Celta Vigo,798,Mallorca,2,0,FT,5.0,1.0,2.0,2.0,1.2,2.0,-0.8,6.0,2.0,0.0,3.0,1.2,2.0,-0.8,H,2
1208633,2024-12-07T13:00:00+00:00,140,2024,Regular Season - 16,534,Las Palmas,720,Valladolid,2,1,FT,9.0,3.0,0.0,2.0,1.6,1.4,0.2,1.0,0.0,1.0,4.0,0.4,2.2,-1.8,H,3
1208635,2024-12-07T15:15:00+00:00,140,2024,Regular Season - 16,543,Real Betis,529,Barcelona,2,2,FT,5.0,1.0,2.0,2.0,1.2,1.8,-0.6,7.0,2.0,1.0,2.0,2.2,1.4,0.8,D,4
1208636,2024-12-07T17:30:00+00:00,140,2024,Regular Season - 16,532,Valencia,728,Rayo Vallecano,0,1,FT,5.0,1.0,2.0,2.0,1.6,1.6,0.0,3.0,1.0,0.0,4.0,0.6,1.4,-0.8,A,1
1208632,2024-12-07T20:00:00+00:00,140,2024,Regular Season - 16,547,Girona,541,Real Madrid,0,3,FT,10.0,3.0,1.0,1.0,2.2,1.4,0.8,9.0,3.0,0.0,2.0,2.0,1.2,0.8,A,3
1208634,2024-12-08T13:00:00+00:00,140,2024,Regular Season - 16,537,Leganes,548,Real Sociedad,0,3,FT,7.0,2.0,1.0,2.0,1.6,1.6,0.0,9.0,3.0,0.0,2.0,1.0,0.6,0.4,A,3
1208629,2024-12-08T15:15:00+00:00,140,2024,Regular Season - 16,531,Athletic Club,533,Villarreal,2,0,FT,11.0,3.0,2.0,0.0,1.4,0.8,0.6,9.0,2.0,3.0,0.0,2.0,1.2,0.8,H,2
1208637,2024-12-08T17:30:00+00:00,140,2024,Regular Season - 16,727,Osasuna,542,Alaves,2,2,FT,8.0,2.0,2.0,1.0,1.2,1.4,-0.2,4.0,1.0,1.0,3.0,0.6,1.4,-0.8,D,4
1208630,2024-12-08T20:00:00+00:00,140,2024,Regular Season - 16,530,Atletico Madrid,536,Sevilla,4,3,FT,12.0,4.0,0.0,1.0,2.0,0.4,1.6,7.0,2.0,1.0,2.0,0.8,0.8,0.0,H,7
1212925,2024-12-09T20:00:00+00:00,140,2024,Regular Season - 16,546,Getafe,540,Espanyol,1,0,FT,4.0,1.0,1.0,3.0,0.6,1.0,-0.4,3.0,1.0,0.0,4.0,1.2,2.8,-1.6,H,1
1208645,2024-12-13T20:00:00+00:00,140,2024,Regular Season - 17,720,Valladolid,532,Valencia,1,0,FT,1.0,0.0,1.0,4.0,0.4,2.2,-1.8,4.0,1.0,1.0,3.0,1.6,1.8,-0.2,H,1
1212926,2024-12-14T13:00:00+00:00,140,2024,Regular Season - 17,540,Espanyol,727,Osasuna,0,0,FT,3.0,1.0,0.0,4.0,1.0,2.2,-1.2,6.0,1.0,3.0,1.0,1.2,1.8,-0.6,D,0
1208644,2024-12-14T15:15:00+00:00,140,2024,Regular Season - 17,798,Mallorca,547,Girona,2,1,FT,6.0,2.0,0.0,3.0,1.2,2.2,-1.0,10.0,3.0,1.0,1.0,2.2,1.8,0.4,H,3
1208643,2024-12-14T17:30:00+00:00,140,2024,Regular Season - 17,536,Sevilla,538,Celta Vigo,1,0,FT,4.0,1.0,1.0,3.0,1.0,1.6,-0.6,8.0,2.0,2.0,1.0,1.6,1.4,0.2,H,1
1208640,2024-12-14T20:00:00+00:00,140,2024,Regular Season - 17,728,Rayo Vallecano,541,Real Madrid,3,3,FT,6.0,2.0,0.0,3.0,0.8,1.2,-0.4,12.0,4.0,0.0,1.0,2.6,0.4,2.2,D,6
1208638,2024-12-15T13:00:00+00:00,140,2024,Regular Season - 17,530,Atletico Madrid,546,Getafe,1,0,FT,15.0,5.0,0.0,0.0,2.8,0.8,2.0,6.0,2.0,0.0,3.0,0.6,0.8,-0.2,H,1
1208641,2024-12-15T15:15:00+00:00,140,2024,Regular Season - 17,542,Alaves,531,Athletic Club,1,1,FT,5.0,1.0,2.0,2.0,1.0,1.6,-0.6,13.0,4.0,1.0,0.0,1.6,0.6,1.0,D,2
1208642,2024-12-15T17:30:00+00:00,140,2024,Regular Season - 17,533,Villarreal,543,Real Betis,1,2,FT,8.0,2.0,2.0,1.0,1.8,1.4,0.4,3.0,0.0,3.0,2.0,1.4,2.2,-0.8,A,3
1208646,2024-12-15T17:30:00+00:00,140,2024,Regular Season - 17,548,Real Sociedad,534,Las Palmas,0,0,FT,12.0,4.0,0.0,1.0,1.6,0.2,1.4,9.0,3.0,0.0,2.0,1.8,1.6,0.2,D,0
1208639,2024-12-15T20:00:00+00:00,140,2024,Regular Season - 17,529,Barcelona,537,Leganes,0,1,FT,5.0,1.0,2.0,2.0,2.0,1.6,0.4,4.0,1.0,1.0,3.0,1.0,2.2,-1.2,A,1
1208599,2024-12-18T20:30:00+00:00,140,2024,Regular Season - 12,533,Villarreal,728,Rayo Vallecano,1,1,FT,5.0,1.0,2.0,2.0,1.6,1.6,0.0,4.0,1.0,1.0,3.0,1.2,1.8,-0.6,D,2
1212922,2024-12-18T20:30:00+00:00,140,2024,Regular Season - 13,540,Espanyol,532,Valencia,1,1,FT,4.0,1.0,1.0,3.0,1.0,1.8,-0.8,4.0,1.0,1.0,3.0,1.2,1.4,-0.2,D,2
1208650,2024-12-20T20:00:00+00:00,140,2024,Regular Season - 18,547,Girona,720,Valladolid,3,0,FT,7.0,2.0,1.0,2.0,1.6,1.6,0.0,4.0,1.0,1.0,3.0,0.6,2.0,-1.4,H,3
1208649,2024-12-21T13:00:00+00:00,140,2024,Regular Season - 18,546,Getafe,798,Mallorca,0,1,FT,6.0,2.0,0.0,3.0,0.6,0.8,-0.2,9.0,3.0,0.0,2.0,1.6,2.2,-0.6,A,1
1208648,2024-12-21T15:15:00+00:00,140,2024,Regular Season - 18,538,Celta Vigo,548,Real Sociedad,2,0,FT,5.0,1.0,2.0,2.0,1.4,1.6,-0.2,10.0,3.0,1.0,1.0,1.2,0.2,1.0,H,2
1208653,2024-12-21T17:30:00+00:00,140,2024,Regular Season - 18,727,Osasuna,531,Athletic Club,1,2,FT,4.0,0.0,4.0,1.0,1.0,1.8,-0.8,13.0,4.0,1.0,0.0,1.6,0.6,1.0,A,3
1208654,2024-12-21T20:00:00+00:00,140,2024,Regular Season - 18,529,Barcelona,530,Atletico Madrid,1,2,FT,5.0,1.0,2.0,2.0,2.0,1.6,0.4,15.0,5.0,0.0,0.0,2.6,0.8,1.8,A,3
1208655,2024-12-22T13:00:00+00:00,140,2024,Regular Season - 18,532,Valencia,542,Alaves,2,2,FT,4.0,1.0,1.0,3.0,1.2,1.4,-0.2,3.0,0.0,3.0,2.0,1.0,1.8,-0.8,D,4
1208651,2024-12-22T15:15:00+00:00,140,2024,Regular Season - 18,541,Real Madrid,536,Sevilla,4,2,FT,10.0,3.0,1.0,1.0,2.4,1.0,1.4,7.0,2.0,1.0,2.0,1.2,1.2,0.0,H,6
1212927,2024-12-22T17:30:00+00:00,140,2024,Regular Season - 18,534,Las Palmas,540,Espanyol,1,0,FT,10.0,3.0,1.0,1.0,1.8,1.2,0.6,5.0,1.0,2.0,2.0,1.0,1.4,-0.4,H,1
1208652,2024-12-22T17:30:00+00:00,140,2024,Regular Season - 18,537,Leganes,533,Villarreal,2,5,FT,7.0,2.0,1.0,2.0,0.6,1.4,-0.8,3.0,0.0,3.0,2.0,1.2,1.8,-0.6,A,7
1208647,2024-12-22T20:00:00+00:00,140,2024,Regular Season - 18,543,Real Betis,728,Rayo Vallecano,1,1,FT,5.0,1.0,2.0,2.0,1.6,2.2,-0.6,5.0,1.0,2.0,2.0,1.2,1.4,-0.2,D,2
1208600,2025-01-03T20:00:00+00:00,140,2024,Regular Season - 12,532,Valencia,541,Real Madrid,1,2,FT,2.0,0.0,2.0,3.0,0.8,1.4,-0.6,10.0,3.0,1.0,1.0,2.6,1.4,1.2,A,3
1208663,2025-01-10T20:00:00+00:00,140,2024,Regular Season - 19,728,Rayo Vallecano,538,Celta Vigo,2,1,FT,6.0,1.0,3.0,1.0,1.4,1.4,0.0,7.0,2.0,1.0,2.0,1.4,1.2,0.2,H,3
1208660,2025-01-11T13:00:00+00:00,140,2024,Regular Season - 19,542,Alaves,547,Girona,0,1,FT,4.0,0.0,4.0,1.0,1.4,1.6,-0.2,7.0,2.0,1.0,2.0,2.0,1.6,0.4,A,1
1208662,2025-01-11T15:15:00+00:00,140,2024,Regular Season - 19,720,Valladolid,543,Real Betis,1,0,FT,3.0,1.0,0.0,4.0,0.4,2.4,-2.0,5.0,1.0,2.0,2.0,1.4,2.0,-0.6,H,1
1212928,2025-01-11T17:30:00+00:00,140,2024,Regular Season - 19,540,Espanyol,537,Leganes,1,1,FT,5.0,1.0,2.0,2.0,0.8,0.8,0.0,4.0,1.0,1.0,3.0,0.8,2.4,-1.6,D,2
1208659,2025-01-11T20:00:00+00:00,140,2024,Regular Season - 19,536,Sevilla,532,Valencia,1,1,FT,7.0,2.0,1.0,2.0,1.6,1.8,-0.2,2.0,0.0,2.0,3.0,0.8,1.4,-0.6,D,2
1208664,2025-01-12T13:00:00+00:00,140,2024,Regular Season - 19,534,Las Palmas,546,Getafe,1,2,FT,10.0,3.0,1.0,1.0,1.4,1.0,0.4,6.0,2.0,0.0,3.0,0.6,0.8,-0.2,A,3
1208657,2025-01-12T15:15:00+00:00,140,2024,Regular Season - 19,530,Atletico Madrid,727,Osasuna,1,0,FT,15.0,5.0,0.0,0.0,2.8,1.0,1.8,4.0,0.0,4.0,1.0,1.2,1.4,-0.2,H,1
1208658,2025-01-13T20:00:00+00:00,140,2024,Regular Season - 19,548,Real Sociedad,533,Villarreal,1,0,FT,7.0,2.0,1.0,2.0,1.0,0.6,0.4,5.0,1.0,2.0,2.0,1.8,1.8,0.0,H,1
1212929,2025-01-17T20:00:00+00:00,140,2024,Regular Season - 20,540,Espanyol,720,Valladolid,2,1,FT,3.0,0.0,3.0,2.0,0.4,0.8,-0.4,6.0,2.0,0.0,3.0,0.6,2.0,-1.4,H,3
1208665,2025-01-18T13:00:00+00:00,140,2024,Regular Season - 20,547,Girona,536,Sevilla,1,2,FT,7.0,2.0,1.0,2.0,1.4,1.4,0.0,5.0,1.0,2.0,2.0,1.6,2.0,-0.4,A,3
1208668,2025-01-18T15:15:00+00:00,140,2024,Regular Season - 20,537,Leganes,530,Atletico Madrid,1,0,FT,5.0,1.0,2.0,2.0,1.0,2.0,-1.0,15.0,5.0,0.0,0.0,2.6,0.8,1.8,H,1
1208673,2025-01-18T17:30:00+00:00,140,2024,Regular Season - 20,543,Real Betis,542,Alaves,1,3,FT,5.0,1.0,2.0,2.0,1.0,1.4,-0.4,4.0,0.0,4.0,1.0,1.2,1.4,-0.2,A,4
1208669,2025-01-18T20:00:00+00:00,140,2024,Regular Season - 20,546,Getafe,529,Barcelona,1,1,FT,6.0,2.0,0.0,3.0,0.6,1.0,-0.4,4.0,1.0,1.0,3.0,1.8,1.6,0.2,D,2
1208667,2025-01-19T13:00:00+00:00,140,2024,Regular Season - 20,538,Celta Vigo,531,Athletic Club,1,2,FT,6.0,2.0,0.0,3.0,1.2,1.2,0.0,13.0,4.0,1.0,0.0,1.8,0.8,1.0,A,3
1208672,2025-01-19T15:15:00+00:00,140,2024,Regular Season - 20,541,Real Madrid,534,Las Palmas,4,1,FT,10.0,3.0,1.0,1.0,2.6,1.6,1.0,10.0,3.0,1.0,1.0,1.2,0.8,0.4,H,5
1208666,2025-01-19T17:30:00+00:00,140,2024,Regular Season - 20,727,Osasuna,728,Rayo Vallecano,1,1,FT,3.0,0.0,3.0,2.0,0.8,1.2,-0.4,9.0,2.0,3.0,0.0,1.6,1.2,0.4,D,2
1208671,2025-01-19T20:00:00+00:00,140,2024,Regular Season - 20,532,Valencia,548,Real Sociedad,1,0,FT,3.0,0.0,3.0,2.0,1.0,1.4,-0.4,10.0,3.0,1.0,1.0,1.2,0.4,0.8,H,1
1208670,2025-01-20T20:00:00+00:00,140,2024,Regular Season - 20,533,Villarreal,798,Mallorca,4,0,FT,4.0,1.0,1.0,3.0,1.4,1.6,-0.2,9.0,3.0,0.0,2.0,1.2,1.8,-0.6,H,4
1208677,2025-01-24T20:00:00+00:00,140,2024,Regular Season - 21,534,Las Palmas,727,Osasuna,1,1,FT,7.0,2.0,1.0,2.0,1.0,1.4,-0.4,3.0,0.0,3.0,2.0,0.8,1.2,-0.4,D,2
1208679,2025-01-25T13:00:00+00:00,140,2024,Regular Season - 21,798,Mallorca,543,Real Betis,0,1,FT,6.0,2.0,0.0,3.0,0.8,2.4,-1.6,5.0,1.0,2.0,2.0,1.2,1.6,-0.4,A,1
1208675,2025-01-25T15:15:00+00:00,140,2024,Regular Season - 21,530,Atletico Madrid,533,Villarreal,1,1,FT,12.0,4.0,0.0,1.0,1.6,1.0,0.6,7.0,2.0,1.0,2.0,2.2,1.2,1.0,D,2
1212930,2025-01-25T17:30:00+00:00,140,2024,Regular Season - 21,536,Sevilla,540,Espanyol,1,1,FT,7.0,2.0,1.0,2.0,1.8,2.0,-0.2,6.0,1.0,3.0,1.0,0.8,0.8,0.0,D,2
1208682,2025-01-25T20:00:00+00:00,140,2024,Regular Season - 21,720,Valladolid,541,Real Madrid,0,3,FT,6.0,2.0,0.0,3.0,0.8,1.4,-0.6,13.0,4.0,1.0,0.0,3.2,1.4,1.8,A,3
1208681,2025-01-26T13:00:00+00:00,140,2024,Regular Season - 21,728,Rayo Vallecano,547,Girona,2,1,FT,7.0,1.0,4.0,0.0,1.6,1.4,0.2,6.0,2.0,0.0,3.0,1.2,1.4,-0.2,H,3
1208680,2025-01-26T15:15:00+00:00,140,2024,Regular Season - 21,548,Real Sociedad,546,Getafe,0,3,FT,7.0,2.0,1.0,2.0,0.8,0.6,0.2,7.0,2.0,1.0,2.0,0.8,0.8,0.0,A,3
1208674,2025-01-26T17:30:00+00:00,140,2024,Regular Season - 21,531,Athletic Club,537,Leganes,0,0,FT,13.0,4.0,1.0,0.0,1.8,0.8,1.0,7.0,2.0,1.0,2.0,1.0,1.8,-0.8,D,0
1208676,2025-01-26T20:00:00+00:00,140,2024,Regular Season - 21,529,Barcelona,532,Valencia,7,1,FT,5.0,1.0,2.0,2.0,1.8,1.4,0.4,6.0,1.0,3.0,1.0,1.2,1.2,0.0,H,8
1208678,2025-01-27T20:00:00+00:00,140,2024,Regular Season - 21,542,Alaves,538,Celta Vigo,1,1,FT,6.0,1.0,3.0,1.0,1.6,1.4,0.2,6.0,2.0,0.0,3.0,1.2,1.0,0.2,D,2
1208688,2025-01-31T20:00:00+00:00,140,2024,Regular Season - 22,537,Leganes,728,Rayo Vallecano,0,1,FT,8.0,2.0,2.0,1.0,1.0,1.2,-0.2,9.0,2.0,3.0,0.0,1.4,1.0,0.4,A,1
1208684,2025-02-01T13:00:00+00:00,140,2024,Regular Season - 22,546,Getafe,536,Sevilla,0,0,FT,7.0,2.0,1.0,2.0,1.2,0.8,0.4,8.0,2.0,2.0,1.0,1.4,1.4,0.0,D,0
1208687,2025-02-01T15:15:00+00:00,140,2024,Regular Season - 22,533,Villarreal,720,Valladolid,5,1,FT,8.0,2.0,2.0,1.0,2.2,1.0,1.2,6.0,2.0,0.0,3.0,0.6,1.6,-1.0,H,6
1208683,2025-02-01T17:30:00+00:00,140,2024,Regular Season - 22,530,Atletico Madrid,798,Mallorca,2,0,FT,10.0,3.0,1.0,1.0,1.0,0.6,0.4,6.0,2.0,0.0,3.0,0.6,1.6,-1.0,H,2
1212931,2025-02-01T20:00:00+00:00,140,2024,Regular Season - 22,540,Espanyol,541,Real Madrid,1,0,FT,6.0,1.0,3.0,1.0,1.0,1.0,0.0,13.0,4.0,1.0,0.0,3.2,1.4,1.8,H,1
1208691,2025-02-02T13:00:00+00:00,140,2024,Regular Season - 22,529,Barcelona,542,Alaves,1,0,FT,5.0,1.0,2.0,2.0,2.2,1.4,0.8,6.0,1.0,3.0,1.0,1.4,1.2,0.2,H,1
1208690,2025-02-02T15:15:00+00:00,140,2024,Regular Season - 22,532,Valencia,538,Celta Vigo,2,1,FT,5.0,1.0,2.0,2.0,1.2,2.4,-1.2,4.0,1.0,1.0,3.0,1.0,1.2,-0.2,H,3
1208686,2025-02-02T17:30:00+00:00,140,2024,Regular Season - 22,727,Osasuna,548,Real Sociedad,2,1,FT,3.0,0.0,3.0,2.0,0.6,1.0,-0.4,4.0,1.0,1.0,3.0,0.2,1.2,-1.0,H,3
1208689,2025-02-02T20:00:00+00:00,140,2024,Regular Season - 22,543,Real Betis,531,Athletic Club,2,2,FT,7.0,2.0,1.0,2.0,1.0,1.2,-0.2,11.0,3.0,2.0,0.0,1.4,0.6,0.8,D,4
1208685,2025-02-03T20:00:00+00:00,140,2024,Regular Season - 22,547,Girona,534,Las Palmas,2,1,FT,6.0,2.0,0.0,3.0,1.4,1.2,0.2,5.0,1.0,2.0,2.0,0.8,1.4,-0.6,H,3
1208694,2025-02-07T20:00:00+00:00,140,2024,Regular Season - 23,728,Rayo Vallecano,720,Valladolid,1,0,FT,11.0,3.0,2.0,0.0,1.4,0.8,0.6,3.0,1.0,0.0,4.0,0.6,2.6,-2.0,H,1
1208699,2025-02-08T13:00:00+00:00,140,2024,Regular Season - 23,538,Celta Vigo,543,Real Betis,3,2,FT,4.0,1.0,1.0,3.0,1.2,1.4,-0.2,5.0,1.0,2.0,2.0,1.0,1.4,-0.4,H,5
1208692,2025-02-08T15:15:00+00:00,140,2024,Regular Season - 23,531,Athletic Club,547,Girona,3,0,FT,9.0,2.0,3.0,0.0,1.4,1.0,0.4,9.0,3.0,0.0,2.0,1.6,1.0,0.6,H,3
1208695,2025-02-08T17:30:00+00:00,140,2024,Regular Season - 23,534,Las Palmas,533,Villarreal,1,2,FT,4.0,1.0,1.0,3.0,1.0,1.8,-0.8,10.0,3.0,1.0,1.0,3.0,1.0,2.0,A,3
1208697,2025-02-08T20:00:00+00:00,140,2024,Regular Season - 23,541,Real Madrid,530,Atletico Madrid,1,1,FT,12.0,4.0,0.0,1.0,2.6,1.0,1.6,10.0,3.0,1.0,1.0,1.2,0.6,0.6,D,2
1208696,2025-02-09T13:00:00+00:00,140,2024,Regular Season - 23,542,Alaves,546,Getafe,0,1,FT,5.0,1.0,2.0,2.0,1.2,1.2,0.0,8.0,2.0,2.0,1.0,1.2,0.6,0.6,A,1
1208700,2025-02-09T15:15:00+00:00,140,2024,Regular Season - 23,532,Valencia,537,Leganes,2,0,FT,7.0,2.0,1.0,2.0,1.2,2.2,-1.0,5.0,1.0,2.0,2.0,0.8,1.4,-0.6,H,2
1212932,2025-02-09T17:30:00+00:00,140,2024,Regular Season - 23,548,Real Sociedad,540,Espanyol,2,1,FT,3.0,1.0,0.0,4.0,0.4,1.6,-1.2,8.0,2.0,2.0,1.0,1.0,0.8,0.2,H,3
1208698,2025-02-09T20:00:00+00:00,140,2024,Regular Season - 23,536,Sevilla,529,Barcelona,1,4,FT,6.0,1.0,3.0,1.0,1.2,1.4,-0.2,7.0,2.0,1.0,2.0,2.0,1.0,1.0,A,5
1208693,2025-02-10T20:00:00+00:00,140,2024,Regular Season - 23,798,Mallorca,727,Osasuna,1,1,FT,6.0,2.0,0.0,3.0,0.6,1.6,-1.0,5.0,1.0,2.0,2.0,1.0,1.2,-0.2,D,2
1208705,2025-02-14T20:00:00+00:00,140,2024,Regular Season - 24,547,Girona,546,Getafe,1,2,FT,6.0,2.0,0.0,3.0,1.0,1.6,-0.6,11.0,3.0,2.0,0.0,1.4,0.4,1.0,A,3
1208709,2025-02-15T13:00:00+00:00,140,2024,Regular Season - 24,537,Leganes,542,Alaves,3,3,FT,5.0,1.0,2.0,2.0,0.4,0.8,-0.4,4.0,1.0,1.0,3.0,0.8,1.0,-0.2,D,6
1208704,2025-02-15T15:15:00+00:00,140,2024,Regular Season - 24,727,Osasuna,541,Real Madrid,1,1,FT,6.0,1.0,3.0,1.0,1.0,1.0,0.0,10.0,3.0,1.0,1.0,2.0,0.8,1.2,D,2
1208701,2025-02-15T17:30:00+00:00,140,2024,Regular Season - 24,530,Atletico Madrid,538,Celta Vigo,1,1,FT,8.0,2.0,2.0,1.0,1.0,0.6,0.4,4.0,1.0,1.0,3.0,1.4,1.8,-0.4,D,2
1208707,2025-02-15T20:00:00+00:00,140,2024,Regular Season - 24,533,Villarreal,532,Valencia,1,1,FT,10.0,3.0,1.0,1.0,2.4,0.8,1.6,10.0,3.0,1.0,1.0,1.4,1.8,-0.4,D,2
1212933,2025-02-16T13:00:00+00:00,140,2024,Regular Season - 24,540,Espanyol,531,Athletic Club,1,1,FT,8.0,2.0,2.0,1.0,1.2,1.0,0.2,11.0,3.0,2.0,0.0,1.8,0.8,1.0,D,2
1208706,2025-02-16T15:15:00+00:00,140,2024,Regular Season - 24,720,Valladolid,536,Sevilla,0,4,FT,3.0,1.0,0.0,4.0,0.6,2.2,-1.6,6.0,1.0,3.0,1.0,1.0,1.4,-0.4,A,4
1208708,2025-02-16T17:30:00+00:00,140,2024,Regular Season - 24,798,Mallorca,534,Las Palmas,3,1,FT,4.0,1.0,1.0,3.0,0.4,1.6,-1.2,1.0,0.0,1.0,4.0,1.0,2.2,-1.2,H,4
1208703,2025-02-16T20:00:00+00:00,140,2024,Regular Season - 24,543,Real Betis,548,Real Sociedad,3,0,FT,4.0,1.0,1.0,3.0,1.2,1.8,-0.6,6.0,2.0,0.0,3.0,0.8,1.4,-0.6,H,3
1208702,2025-02-17T20:00:00+00:00,140,2024,Regular Season - 24,529,Barcelona,728,Rayo Vallecano,1,0,FT,10.0,3.0,1.0,1.0,2.8,1.0,1.8,13.0,4.0,1.0,0.0,1.4,0.6,0.8,H,1
1208711,2025-02-21T20:00:00+00:00,140,2024,Regular Season - 25,538,Celta Vigo,727,Osasuna,1,0,FT,5.0,1.0,2.0,2.0,1.4,1.6,-0.2,7.0,1.0,4.0,0.0,1.2,1.0,0.2,H,1
1212934,2025-02-22T13:00:00+00:00,140,2024,Regular Season - 25,542,Alaves,540,Espanyol,0,1,FT,5.0,1.0,2.0,2.0,1.4,1.4,0.0,8.0,2.0,2.0,1.0,1.2,1.0,0.2,A,1
1208712,2025-02-22T15:15:00+00:00,140,2024,Regular Season - 25,728,Rayo Vallecano,533,Villarreal,0,1,FT,10.0,3.0,1.0,1.0,1.0,0.6,0.4,11.0,3.0,2.0,0.0,2.6,0.8,1.8,A,1
1208713,2025-02-22T17:30:00+00:00,140,2024,Regular Season - 25,532,Valencia,530,Atletico Madrid,0,3,FT,10.0,3.0,1.0,1.0,1.4,1.8,-0.4,6.0,1.0,3.0,1.0,1.0,0.8,0.2,A,3
1208714,2025-02-22T20:00:00+00:00,140,2024,Regular Season - 25,534,Las Palmas,529,Barcelona,0,2,FT,1.0,0.0,1.0,4.0,1.0,2.4,-1.4,13.0,4.0,1.0,0.0,2.8,0.6,2.2,A,2
1208710,2025-02-23T13:00:00+00:00,140,2024,Regular Season - 25,531,Athletic Club,720,Valladolid,7,1,FT,9.0,2.0,3.0,0.0,1.6,0.8,0.8,0.0,0.0,0.0,5.0,0.4,3.0,-2.6,H,8
1208716,2025-02-23T15:15:00+00:00,140,2024,Regular Season - 25,541,Real Madrid,547,Girona,2,0,FT,8.0,2.0,2.0,1.0,1.8,0.8,1.0,3.0,1.0,0.0,4.0,1.0,2.0,-1.0,H,2
1208715,2025-02-23T17:30:00+00:00,140,2024,Regular Season - 25,546,Getafe,543,Real Betis,1,2,FT,11.0,3.0,2.0,0.0,1.4,0.4,1.0,7.0,2.0,1.0,2.0,1.8,1.6,0.2,A,3
1208718,2025-02-23T20:00:00+00:00,140,2024,Regular Season - 25,548,Real Sociedad,537,Leganes,3,0,FT,3.0,1.0,0.0,4.0,0.6,2.0,-1.4,5.0,1.0,2.0,2.0,0.8,1.2,-0.4,H,3
1208717,2025-02-24T20:00:00+00:00,140,2024,Regular Season - 25,536,Sevilla,798,Mallorca,1,1,FT,8.0,2.0,2.0,1.0,1.6,1.2,0.4,4.0,1.0,1.0,3.0,0.8,1.8,-1.0,D,2
1208726,2025-02-28T20:00:00+00:00,140,2024,Regular Season - 26,720,Valladolid,534,Las Palmas,1,1,FT,0.0,0.0,0.0,5.0,0.4,4.0,-3.6,1.0,0.0,1.0,4.0,0.8,2.0,-1.2,D,2
1208724,2025-03-01T13:00:00+00:00,140,2024,Regular Season - 26,547,Girona,538,Celta Vigo,2,2,FT,3.0,1.0,0.0,4.0,0.8,2.0,-1.2,8.0,2.0,2.0,1.0,1.4,1.2,0.2,D,4
1208722,2025-03-01T15:15:00+00:00,140,2024,Regular Season - 26,728,Rayo Vallecano,536,Sevilla,1,1,FT,9.0,3.0,0.0,2.0,0.8,0.6,0.2,6.0,1.0,3.0,1.0,1.4,1.2,0.2,D,2
1208720,2025-03-01T17:30:00+00:00,140,2024,Regular Season - 26,543,Real Betis,541,Real Madrid,2,1,FT,10.0,3.0,1.0,1.0,2.0,1.2,0.8,8.0,2.0,2.0,1.0,1.4,0.6,0.8,H,3
1208723,2025-03-01T20:00:00+00:00,140,2024,Regular Season - 26,530,Atletico Madrid,531,Athletic Club,1,0,FT,9.0,2.0,3.0,0.0,1.6,0.6,1.0,9.0,2.0,3.0,0.0,2.6,0.8,1.8,H,1
1208725,2025-03-02T13:00:00+00:00,140,2024,Regular Season - 26,537,Leganes,546,Getafe,1,0,FT,2.0,0.0,2.0,3.0,0.6,1.8,-1.2,10.0,3.0,1.0,1.0,1.4,0.6,0.8,H,1
1208719,2025-03-02T15:15:00+00:00,140,2024,Regular Season - 26,529,Barcelona,548,Real Sociedad,4,0,FT,15.0,5.0,0.0,0.0,3.0,0.4,2.6,6.0,2.0,0.0,3.0,1.2,1.8,-0.6,H,4
1208727,2025-03-02T17:30:00+00:00,140,2024,Regular Season - 26,798,Mallorca,542,Alaves,1,1,FT,5.0,1.0,2.0,2.0,1.0,1.2,-0.2,2.0,0.0,2.0,3.0,0.8,1.4,-0.6,D,2
1208721,2025-03-02T20:00:00+00:00,140,2024,Regular Season - 26,727,Osasuna,532,Valencia,3,3,FT,6.0,1.0,3.0,1.0,1.0,1.0,0.0,7.0,2.0,1.0,2.0,1.2,2.4,-1.2,D,6
1208731,2025-03-08T13:00:00+00:00,140,2024,Regular Season - 27,538,Celta Vigo,537,Leganes,2,1,FT,8.0,2.0,2.0,1.0,1.6,1.4,0.2,4.0,1.0,1.0,3.0,0.8,1.8,-1.0,H,3
1208734,2025-03-08T15:15:00+00:00,140,2024,Regular Season - 27,542,Alaves,533,Villarreal,1,0,FT,2.0,0.0,2.0,3.0,0.8,1.4,-0.6,11.0,3.0,2.0,0.0,2.0,0.8,1.2,H,1
1208733,2025-03-08T17:30:00+00:00,140,2024,Regular Season - 27,532,Valencia,720,Valladolid,2,1,FT,8.0,2.0,2.0,1.0,1.6,1.6,0.0,1.0,0.0,1.0,4.0,0.6,3.6,-3.0,H,3
1208735,2025-03-09T13:00:00+00:00,140,2024,Regular Season - 27,546,Getafe,530,Atletico Madrid,2,1,FT,7.0,2.0,1.0,2.0,0.8,0.8,0.0,11.0,3.0,2.0,0.0,1.6,0.4,1.2,H,3
1208736,2025-03-09T15:15:00+00:00,140,2024,Regular Season - 27,541,Real Madrid,728,Rayo Vallecano,2,1,FT,5.0,1.0,2.0,2.0,1.0,1.0,0.0,7.0,2.0,1.0,2.0,0.6,0.6,0.0,H,3
1208728,2025-03-09T17:30:00+00:00,140,2024,Regular Season - 27,531,Athletic Club,798,Mallorca,1,1,FT,8.0,2.0,2.0,1.0,2.6,1.0,1.6,6.0,1.0,3.0,1.0,1.2,1.2,0.0,D,2
1208730,2025-03-09T17:30:00+00:00,140,2024,Regular Season - 27,543,Real Betis,534,Las Palmas,1,0,FT,10.0,3.0,1.0,1.0,2.2,1.4,0.8,1.0,0.0,1.0,4.0,0.8,2.0,-1.2,H,1
1208732,2025-03-09T20:00:00+00:00,140,2024,Regular Season - 27,548,Real Sociedad,536,Sevilla,0,1,FT,6.0,2.0,0.0,3.0,1.2,2.0,-0.8,6.0,1.0,3.0,1.0,1.4,1.2,0.2,A,1
1212936,2025-03-10T20:00:00+00:00,140,2024,Regular Season - 27,540,Espanyol,547,Girona,1,1,FT,8.0,2.0,2.0,1.0,1.0,0.8,0.2,4.0,1.0,1.0,3.0,1.0,2.0,-1.0,D,2
1208745,2025-03-14T20:00:00+00:00,140,2024,Regular Season - 28,534,Las Palmas,542,Alaves,2,2,FT,1.0,0.0,1.0,4.0,0.6,1.8,-1.2,5.0,1.0,2.0,2.0,1.0,1.2,-0.2,D,4
1208742,2025-03-15T13:00:00+00:00,140,2024,Regular Season - 28,720,Valladolid,538,Celta Vigo,0,1,FT,1.0,0.0,1.0,4.0,0.6,3.0,-2.4,11.0,3.0,2.0,0.0,1.8,1.2,0.6,A,1
1212937,2025-03-15T15:15:00+00:00,140,2024,Regular Season - 28,798,Mallorca,540,Espanyol,2,1,FT,7.0,1.0,4.0,0.0,1.4,1.0,0.4,8.0,2.0,2.0,1.0,1.0,0.8,0.2,H,3
1208744,2025-03-15T17:30:00+00:00,140,2024,Regular Season - 28,533,Villarreal,541,Real Madrid,1,2,FT,10.0,3.0,1.0,1.0,1.8,0.8,1.0,8.0,2.0,2.0,1.0,1.4,1.0,0.4,A,3
1208738,2025-03-15T20:00:00+00:00,140,2024,Regular Season - 28,547,Girona,532,Valencia,1,1,FT,2.0,0.0,2.0,3.0,0.8,2.0,-1.2,8.0,2.0,2.0,1.0,1.6,1.6,0.0,D,2
1208741,2025-03-16T13:00:00+00:00,140,2024,Regular Season - 28,537,Leganes,543,Real Betis,2,3,FT,4.0,1.0,1.0,3.0,1.0,2.0,-1.0,12.0,4.0,0.0,1.0,2.0,1.0,1.0,A,5
1208740,2025-03-16T15:15:00+00:00,140,2024,Regular Season - 28,536,Sevilla,531,Athletic Club,0,1,FT,8.0,2.0,2.0,1.0,1.6,1.2,0.4,8.0,2.0,2.0,1.0,2.4,0.8,1.6,A,1
1208743,2025-03-16T17:30:00+00:00,140,2024,Regular Season - 28,727,Osasuna,546,Getafe,1,2,FT,6.0,1.0,3.0,1.0,1.4,1.4,0.0,9.0,3.0,0.0,2.0,1.2,1.0,0.2,A,3
1208739,2025-03-16T17:30:00+00:00,140,2024,Regular Season - 28,728,Rayo Vallecano,548,Real Sociedad,2,2,FT,4.0,1.0,1.0,3.0,0.6,1.0,-0.4,6.0,2.0,0.0,3.0,1.0,1.8,-0.8,D,4
1208737,2025-03-16T20:00:00+00:00,140,2024,Regular Season - 28,530,Atletico Madrid,529,Barcelona,2,4,FT,8.0,2.0,2.0,1.0,1.4,0.8,0.6,15.0,5.0,0.0,0.0,2.4,0.2,2.2,A,6
1208729,2025-03-27T20:00:00+00:00,140,2024,Regular Season - 27,529,Barcelona,727,Osasuna,3,0,FT,15.0,5.0,0.0,0.0,3.0,0.6,2.4,3.0,0.0,3.0,2.0,1.2,1.6,-0.4,H,3
1208751,2025-03-29T13:00:00+00:00,140,2024,Regular Season - 29,548,Real Sociedad,720,Valladolid,2,1,FT,4.0,1.0,1.0,3.0,1.0,2.0,-1.0,1.0,0.0,1.0,4.0,0.6,3.0,-2.4,H,3
1212938,2025-03-29T15:15:00+00:00,140,2024,Regular Season - 29,540,Espanyol,530,Atletico Madrid,1,1,FT,5.0,1.0,2.0,2.0,1.0,1.2,-0.2,7.0,2.0,1.0,2.0,1.6,1.4,0.2,D,2
1208752,2025-03-29T17:30:00+00:00,140,2024,Regular Season - 29,542,Alaves,728,Rayo Vallecano,0,2,FT,6.0,1.0,3.0,1.0,1.4,1.4,0.0,2.0,0.0,2.0,3.0,0.8,1.4,-0.6,A,2
1208754,2025-03-29T20:00:00+00:00,140,2024,Regular Season - 29,541,Real Madrid,537,Leganes,3,2,FT,10.0,3.0,1.0,1.0,1.6,1.0,0.6,4.0,1.0,1.0,3.0,1.4,2.2,-0.8,H,5
1208750,2025-03-30T12:00:00+00:00,140,2024,Regular Season - 29,546,Getafe,533,Villarreal,1,2,FT,9.0,3.0,0.0,2.0,1.4,1.2,0.2,7.0,2.0,1.0,2.0,1.0,1.0,0.0,A,3
1208747,2025-03-30T14:15:00+00:00,140,2024,Regular Season - 29,529,Barcelona,547,Girona,4,1,FT,15.0,5.0,0.0,0.0,2.8,0.4,2.4,3.0,0.0,3.0,2.0,1.0,1.6,-0.6,H,5
1208746,2025-03-30T16:30:00+00:00,140,2024,Regular Season - 29,531,Athletic Club,727,Osasuna,0,0,FT,8.0,2.0,2.0,1.0,2.0,0.8,1.2,2.0,0.0,2.0,3.0,1.0,2.0,-1.0,D,0
1208753,2025-03-30T16:30:00+00:00,140,2024,Regular Season - 29,532,Valencia,798,Mallorca,1,0,FT,6.0,1.0,3.0,1.0,1.4,1.8,-0.4,9.0,2.0,3.0,0.0,1.6,1.0,0.6,H,1
1208748,2025-03-30T19:00:00+00:00,140,2024,Regular Season - 29,543,Real Betis,536,Sevilla,2,1,FT,15.0,5.0,0.0,0.0,2.2,0.8,1.4,8.0,2.0,2.0,1.0,1.4,0.6,0.8,H,3
1208749,2025-03-31T19:00:00+00:00,140,2024,Regular Season - 29,538,Celta Vigo,534,Las Palmas,1,1,FT,11.0,3.0,2.0,0.0,1.4,0.8,0.6,2.0,0.0,2.0,3.0,0.8,1.8,-1.0,D,2
1212939,2025-04-04T19:00:00+00:00,140,2024,Regular Season - 30,728,Rayo Vallecano,540,Espanyol,0,4,FT,5.0,1.0,2.0,2.0,1.2,1.2,0.0,6.0,1.0,3.0,1.0,1.0,1.0,0.0,A,4
1208763,2025-04-05T12:00:00+00:00,140,2024,Regular Season - 30,547,Girona,542,Alaves,0,1,FT,3.0,0.0,3.0,2.0,1.0,2.0,-1.0,5.0,1.0,2.0,2.0,0.8,1.2,-0.4,A,1
1208756,2025-04-05T14:15:00+00:00,140,2024,Regular Season - 30,541,Real Madrid,532,Valencia,1,2,FT,12.0,4.0,0.0,1.0,2.0,1.2,0.8,8.0,2.0,2.0,1.0,1.4,1.6,-0.2,A,3
1208761,2025-04-05T16:30:00+00:00,140,2024,Regular Season - 30,798,Mallorca,538,Celta Vigo,1,2,FT,6.0,1.0,3.0,1.0,1.0,1.0,0.0,11.0,3.0,2.0,0.0,1.4,0.8,0.6,A,3
1208755,2025-04-05T19:00:00+00:00,140,2024,Regular Season - 30,529,Barcelona,543,Real Betis,1,1,FT,15.0,5.0,0.0,0.0,3.4,0.6,2.8,15.0,5.0,0.0,0.0,2.0,1.0,1.0,D,2
1208757,2025-04-06T12:00:00+00:00,140,2024,Regular Season - 30,534,Las Palmas,548,Real Sociedad,1,3,FT,3.0,0.0,3.0,2.0,0.8,1.4,-0.6,7.0,2.0,1.0,2.0,1.4,1.6,-0.2,A,4
1208760,2025-04-06T14:15:00+00:00,140,2024,Regular Season - 30,536,Sevilla,530,Atletico Madrid,1,2,FT,5.0,1.0,2.0,2.0,0.8,1.0,-0.2,7.0,2.0,1.0,2.0,1.6,1.4,0.2,A,3
1208762,2025-04-06T16:30:00+00:00,140,2024,Regular Season - 30,720,Valladolid,546,Getafe,0,4,FT,1.0,0.0,1.0,4.0,0.8,2.6,-1.8,6.0,2.0,0.0,3.0,1.2,1.4,-0.2,A,4
1208759,2025-04-06T19:00:00+00:00,140,2024,Regular Season - 30,533,Villarreal,531,Athletic Club,0,0,FT,7.0,2.0,1.0,2.0,1.0,1.0,0.0,8.0,2.0,2.0,1.0,1.8,0.6,1.2,D,0
1208758,2025-04-07T19:00:00+00:00,140,2024,Regular Season - 30,537,Leganes,727,Osasuna,1,1,FT,3.0,1.0,0.0,4.0,1.2,2.2,-1.0,2.0,0.0,2.0,3.0,0.8,1.8,-1.0,D,2
1208772,2025-04-11T19:00:00+00:00,140,2024,Regular Season - 31,532,Valencia,536,Sevilla,1,0,FT,11.0,3.0,2.0,0.0,1.8,1.2,0.6,4.0,1.0,1.0,3.0,0.8,1.2,-0.4,H,1
1208771,2025-04-12T12:00:00+00:00,140,2024,Regular Season - 31,548,Real Sociedad,798,Mallorca,0,2,FT,7.0,2.0,1.0,2.0,1.4,1.8,-0.4,5.0,1.0,2.0,2.0,1.0,1.2,-0.2,A,2
1208767,2025-04-12T14:15:00+00:00,140,2024,Regular Season - 31,546,Getafe,534,Las Palmas,1,3,FT,9.0,3.0,0.0,2.0,1.8,1.0,0.8,3.0,0.0,3.0,2.0,1.0,1.6,-0.6,A,4
1212940,2025-04-12T16:30:00+00:00,140,2024,Regular Season - 31,538,Celta Vigo,540,Espanyol,0,2,FT,11.0,3.0,2.0,0.0,1.6,1.0,0.6,8.0,2.0,2.0,1.0,1.6,0.8,0.8,A,2
1208769,2025-04-12T19:00:00+00:00,140,2024,Regular Season - 31,537,Leganes,529,Barcelona,0,1,FT,4.0,1.0,1.0,3.0,1.4,1.8,-0.4,13.0,4.0,1.0,0.0,3.2,0.8,2.4,A,1
1208770,2025-04-13T12:00:00+00:00,140,2024,Regular Season - 31,727,Osasuna,547,Girona,2,1,FT,3.0,0.0,3.0,2.0,1.0,1.8,-0.8,3.0,0.0,3.0,2.0,1.0,1.8,-0.8,H,3
1208768,2025-04-13T14:15:00+00:00,140,2024,Regular Season - 31,542,Alaves,541,Real Madrid,0,1,FT,8.0,2.0,2.0,1.0,1.0,1.0,0.0,9.0,3.0,0.0,2.0,1.8,1.6,0.2,A,1
1208766,2025-04-13T16:30:00+00:00,140,2024,Regular Season - 31,543,Real Betis,533,Villarreal,1,2,FT,13.0,4.0,1.0,0.0,1.8,1.0,0.8,7.0,2.0,1.0,2.0,0.8,0.8,0.0,A,3
1208764,2025-04-13T19:00:00+00:00,140,2024,Regular Season - 31,531,Athletic Club,728,Rayo Vallecano,3,1,FT,6.0,1.0,3.0,1.0,0.4,0.4,0.0,5.0,1.0,2.0,2.0,1.2,1.8,-0.6,H,4
1208765,2025-04-14T19:00:00+00:00,140,2024,Regular Season - 31,530,Atletico Madrid,720,Valladolid,4,2,FT,7.0,2.0,1.0,2.0,1.4,1.6,-0.2,1.0,0.0,1.0,4.0,0.6,2.0,-1.4,H,6
1212941,2025-04-18T19:00:00+00:00,140,2024,Regular Season - 32,540,Espanyol,546,Getafe,1,0,FT,8.0,2.0,2.0,1.0,1.8,0.8,1.0,9.0,3.0,0.0,2.0,2.0,1.4,0.6,H,1
1208774,2025-04-19T12:00:00+00:00,140,2024,Regular Season - 32,728,Rayo Vallecano,532,Valencia,1,1,FT,4.0,1.0,1.0,3.0,1.2,2.2,-1.0,13.0,4.0,1.0,0.0,1.4,0.6,0.8,D,2
1208773,2025-04-19T14:15:00+00:00,140,2024,Regular Season - 32,529,Barcelona,538,Celta Vigo,4,3,FT,13.0,4.0,1.0,0.0,2.6,0.8,1.8,10.0,3.0,1.0,1.0,1.2,1.0,0.2,H,7
1208781,2025-04-19T16:30:00+00:00,140,2024,Regular Season - 32,798,Mallorca,537,Leganes,0,0,FT,7.0,2.0,1.0,2.0,1.2,1.0,0.2,1.0,0.0,1.0,4.0,1.2,2.0,-0.8,D,0
1208776,2025-04-19T19:00:00+00:00,140,2024,Regular Season - 32,534,Las Palmas,530,Atletico Madrid,1,0,FT,5.0,1.0,2.0,2.0,1.4,1.6,-0.2,7.0,2.0,1.0,2.0,2.0,2.0,0.0,H,1
1208778,2025-04-20T12:00:00+00:00,140,2024,Regular Season - 32,720,Valladolid,727,Osasuna,2,3,FT,0.0,0.0,0.0,5.0,0.8,2.6,-1.8,5.0,1.0,2.0,2.0,0.8,1.4,-0.6,A,5
1208779,2025-04-20T14:15:00+00:00,140,2024,Regular Season - 32,533,Villarreal,548,Real Sociedad,2,2,FT,7.0,2.0,1.0,2.0,1.0,1.0,0.0,7.0,2.0,1.0,2.0,1.4,1.4,0.0,D,4
1208780,2025-04-20T16:30:00+00:00,140,2024,Regular Season - 32,536,Sevilla,542,Alaves,1,1,FT,3.0,1.0,0.0,4.0,0.6,1.2,-0.6,7.0,2.0,1.0,2.0,0.8,1.0,-0.2,D,2
1208775,2025-04-20T19:00:00+00:00,140,2024,Regular Season - 32,541,Real Madrid,531,Athletic Club,1,0,FT,12.0,4.0,0.0,1.0,1.8,1.2,0.6,9.0,2.0,3.0,0.0,1.0,0.4,0.6,H,1
1208777,2025-04-21T19:00:00+00:00,140,2024,Regular Season - 32,547,Girona,543,Real Betis,1,3,FT,2.0,0.0,2.0,3.0,0.8,1.8,-1.0,10.0,3.0,1.0,1.0,1.6,1.2,0.4,A,4
1212942,2025-04-22T17:00:00+00:00,140,2024,Regular Season - 33,532,Valencia,540,Espanyol,1,1,FT,11.0,3.0,2.0,0.0,1.2,0.6,0.6,10.0,3.0,1.0,1.0,1.8,0.6,1.2,D,2
1208784,2025-04-22T19:30:00+00:00,140,2024,Regular Season - 33,529,Barcelona,798,Mallorca,1,0,FT,13.0,4.0,1.0,0.0,2.6,1.0,1.6,7.0,2.0,1.0,2.0,1.0,0.8,0.2,H,1
1208782,2025-04-23T17:00:00+00:00,140,2024,Regular Season - 33,531,Athletic Club,534,Las Palmas,1,0,FT,8.0,2.0,2.0,1.0,0.8,0.4,0.4,8.0,2.0,2.0,1.0,1.6,1.4,0.2,H,1
1208786,2025-04-23T17:00:00+00:00,140,2024,Regular Season - 33,538,Celta Vigo,533,Villarreal,3,0,FT,7.0,2.0,1.0,2.0,1.4,1.6,-0.2,8.0,2.0,2.0,1.0,1.4,1.2,0.2,H,3
1208789,2025-04-23T19:30:00+00:00,140,2024,Regular Season - 33,542,Alaves,548,Real Sociedad,1,0,FT,5.0,1.0,2.0,2.0,0.8,1.2,-0.4,8.0,2.0,2.0,1.0,1.8,1.6,0.2,H,1
1208787,2025-04-23T19:30:00+00:00,140,2024,Regular Season - 33,546,Getafe,541,Real Madrid,0,1,FT,6.0,2.0,0.0,3.0,1.6,1.4,0.2,12.0,4.0,0.0,1.0,1.6,1.0,0.6,A,1
1208790,2025-04-24T17:00:00+00:00,140,2024,Regular Season - 33,537,Leganes,547,Girona,1,1,FT,2.0,0.0,2.0,3.0,1.0,1.6,-0.6,1.0,0.0,1.0,4.0,0.8,2.2,-1.4,D,2
1208788,2025-04-24T17:00:00+00:00,140,2024,Regular Season - 33,727,Osasuna,536,Sevilla,1,0,FT,8.0,2.0,2.0,1.0,1.2,1.4,-0.2,1.0,0.0,1.0,4.0,0.6,1.4,-0.8,H,1
1208783,2025-04-24T19:30:00+00:00,140,2024,Regular Season - 33,530,Atletico Madrid,728,Rayo Vallecano,3,0,FT,7.0,2.0,1.0,2.0,1.8,1.8,0.0,5.0,1.0,2.0,2.0,1.2,2.0,-0.8,H,3
1208785,2025-04-24T19:30:00+00:00,140,2024,Regular Season - 33,543,Real Betis,720,Valladolid,5,1,FT,10.0,3.0,1.0,1.0,2.0,1.4,0.6,0.0,0.0,0.0,5.0,1.0,2.8,-1.8,H,6
1212935,2025-04-27T14:15:00+00:00,140,2024,Regular Season - 26,533,Villarreal,540,Espanyol,1,0,FT,8.0,2.0,2.0,1.0,1.2,1.4,-0.2,11.0,3.0,2.0,0.0,1.8,0.4,1.4,H,1
1208797,2025-05-02T19:00:00+00:00,140,2024,Regular Season - 34,728,Rayo Vallecano,546,Getafe,1,0,FT,4.0,1.0,1.0,3.0,0.8,2.2,-1.4,3.0,1.0,0.0,4.0,1.2,1.4,-0.2,H,1
1208793,2025-05-03T12:00:00+00:00,140,2024,Regular Season - 34,542,Alaves,530,Atletico Madrid,0,0,FT,7.0,2.0,1.0,2.0,0.6,0.8,-0.2,10.0,3.0,1.0,1.0,2.0,1.0,1.0,D,0
1208798,2025-05-03T14:15:00+00:00,140,2024,Regular Season - 34,533,Villarreal,727,Osasuna,4,2,FT,8.0,2.0,2.0,1.0,1.0,1.2,-0.2,11.0,3.0,2.0,0.0,1.4,0.8,0.6,H,6
1208792,2025-05-03T16:30:00+00:00,140,2024,Regular Season - 34,534,Las Palmas,532,Valencia,2,3,FT,7.0,2.0,1.0,2.0,1.2,1.2,0.0,11.0,3.0,2.0,0.0,1.2,0.6,0.6,A,5
1208795,2025-05-03T19:00:00+00:00,140,2024,Regular Season - 34,720,Valladolid,529,Barcelona,1,2,FT,0.0,0.0,0.0,5.0,1.2,3.6,-2.4,13.0,4.0,1.0,0.0,2.2,1.0,1.2,A,3
1208796,2025-05-04T12:00:00+00:00,140,2024,Regular Season - 34,541,Real Madrid,538,Celta Vigo,3,2,FT,12.0,4.0,0.0,1.0,1.4,0.8,0.6,7.0,2.0,1.0,2.0,1.8,1.6,0.2,H,5
1208799,2025-05-04T14:15:00+00:00,140,2024,Regular Season - 34,536,Sevilla,537,Leganes,2,2,FT,1.0,0.0,1.0,4.0,0.6,1.4,-0.8,3.0,0.0,3.0,2.0,0.8,1.2,-0.4,D,4
1212943,2025-05-04T16:30:00+00:00,140,2024,Regular Season - 34,540,Espanyol,543,Real Betis,1,2,FT,10.0,3.0,1.0,1.0,1.6,0.4,1.2,10.0,3.0,1.0,1.0,2.4,1.2,1.2,A,3
1208794,2025-05-04T19:00:00+00:00,140,2024,Regular Season - 34,548,Real Sociedad,531,Athletic Club,0,0,FT,7.0,2.0,1.0,2.0,1.4,1.4,0.0,8.0,2.0,2.0,1.0,0.8,0.4,0.4,D,0
1208791,2025-05-05T19:00:00+00:00,140,2024,Regular Season - 34,547,Girona,798,Mallorca,1,0,FT,1.0,0.0,1.0,4.0,0.8,2.2,-1.4,4.0,1.0,1.0,3.0,0.6,0.8,-0.2,H,1
1208806,2025-05-09T19:00:00+00:00,140,2024,Regular Season - 35,534,Las Palmas,728,Rayo Vallecano,0,1,FT,6.0,2.0,0.0,3.0,1.4,1.6,-0.2,4.0,1.0,1.0,3.0,0.6,2.2,-1.6,A,1
1208807,2025-05-10T12:00:00+00:00,140,2024,Regular Season - 35,532,Valencia,546,Getafe,3,0,FT,11.0,3.0,2.0,0.0,1.6,1.0,0.6,3.0,1.0,0.0,4.0,1.0,1.2,-0.2,H,3
1208803,2025-05-10T14:15:00+00:00,140,2024,Regular Season - 35,538,Celta Vigo,536,Sevilla,3,2,FT,6.0,2.0,0.0,3.0,2.0,2.0,0.0,2.0,0.0,2.0,3.0,0.8,1.4,-0.6,H,5
1208804,2025-05-10T16:30:00+00:00,140,2024,Regular Season - 35,547,Girona,533,Villarreal,0,1,FT,4.0,1.0,1.0,3.0,0.8,1.4,-0.6,10.0,3.0,1.0,1.0,1.8,1.6,0.2,A,1
1208805,2025-05-10T16:30:00+00:00,140,2024,Regular Season - 35,798,Mallorca,720,Valladolid,2,1,FT,4.0,1.0,1.0,3.0,0.6,0.8,-0.2,0.0,0.0,0.0,5.0,1.2,3.6,-2.4,H,3
1208800,2025-05-10T19:00:00+00:00,140,2024,Regular Season - 35,530,Atletico Madrid,548,Real Sociedad,4,0,FT,10.0,3.0,1.0,1.0,1.8,0.8,1.0,5.0,1.0,2.0,2.0,1.0,1.2,-0.2,H,4
1212944,2025-05-11T12:00:00+00:00,140,2024,Regular Season - 35,537,Leganes,540,Espanyol,3,2,FT,4.0,0.0,4.0,1.0,0.8,1.0,-0.2,7.0,2.0,1.0,2.0,1.0,0.8,0.2,H,5
1208801,2025-05-11T14:15:00+00:00,140,2024,Regular Season - 35,529,Barcelona,541,Real Madrid,4,3,FT,13.0,4.0,1.0,0.0,1.8,1.0,0.8,12.0,4.0,0.0,1.0,1.4,0.8,0.6,H,7
1208808,2025-05-11T16:30:00+00:00,140,2024,Regular Season - 35,531,Athletic Club,542,Alaves,1,0,FT,8.0,2.0,2.0,1.0,0.8,0.4,0.4,8.0,2.0,2.0,1.0,0.6,0.4,0.2,H,1
1208802,2025-05-11T19:00:00+00:00,140,2024,Regular Season - 35,543,Real Betis,727,Osasuna,1,1,FT,10.0,3.0,1.0,1.0,2.4,1.2,1.2,10.0,3.0,1.0,1.0,1.8,1.6,0.2,D,2
1208814,2025-05-13T17:00:00+00:00,140,2024,Regular Season - 36,720,Valladolid,547,Girona,0,1,FT,0.0,0.0,0.0,5.0,1.4,3.2,-1.8,4.0,1.0,1.0,3.0,0.8,1.4,-0.6,A,1
1208813,2025-05-13T18:00:00+00:00,140,2024,Regular Season - 36,548,Real Sociedad,538,Celta Vigo,0,1,FT,2.0,0.0,2.0,3.0,0.4,1.8,-1.4,6.0,2.0,0.0,3.0,2.2,2.2,0.0,A,1
1208816,2025-05-13T19:30:00+00:00,140,2024,Regular Season - 36,536,Sevilla,534,Las Palmas,1,0,FT,2.0,0.0,2.0,3.0,1.0,1.6,-0.6,6.0,2.0,0.0,3.0,1.2,1.2,0.0,H,1
1208817,2025-05-14T17:00:00+00:00,140,2024,Regular Season - 36,533,Villarreal,537,Leganes,3,0,FT,10.0,3.0,1.0,1.0,1.6,1.4,0.2,6.0,1.0,3.0,1.0,1.2,1.2,0.0,H,3
1208809,2025-05-14T17:00:00+00:00,140,2024,Regular Season - 36,542,Alaves,532,Valencia,1,0,FT,5.0,1.0,2.0,2.0,0.4,0.6,-0.2,11.0,3.0,2.0,0.0,1.8,0.8,1.0,H,1
1208815,2025-05-14T19:30:00+00:00,140,2024,Regular Season - 36,541,Real Madrid,798,Mallorca,2,1,FT,12.0,4.0,0.0,1.0,1.8,1.2,0.6,7.0,2.0,1.0,2.0,0.8,0.6,0.2,H,3
1208811,2025-05-15T17:00:00+00:00,140,2024,Regular Season - 36,727,Osasuna,530,Atletico Madrid,2,0,FT,10.0,3.0,1.0,1.0,1.8,1.6,0.2,10.0,3.0,1.0,1.0,2.2,0.6,1.6,H,2
1208812,2025-05-15T17:00:00+00:00,140,2024,Regular Season - 36,728,Rayo Vallecano,543,Real Betis,2,2,FT,7.0,2.0,1.0,2.0,0.8,1.4,-0.6,10.0,3.0,1.0,1.0,2.4,1.2,1.2,D,4
1212945,2025-05-15T19:30:00+00:00,140,2024,Regular Season - 36,540,Espanyol,529,Barcelona,0,2,FT,4.0,1.0,1.0,3.0,1.0,1.4,-0.4,15.0,5.0,0.0,0.0,2.4,1.4,1.0,A,2
1208810,2025-05-15T19:30:00+00:00,140,2024,Regular Season - 36,546,Getafe,531,Athletic Club,0,2,FT,0.0,0.0,0.0,5.0,0.2,1.8,-1.6,10.0,3.0,1.0,1.0,1.0,0.4,0.6,A,2
1208819,2025-05-18T17:00:00+00:00,140,2024,Regular Season - 37,529,Barcelona,533,Villarreal,2,3,FT,15.0,5.0,0.0,0.0,2.6,1.4,1.2,12.0,4.0,0.0,1.0,1.8,1.0,0.8,A,5
1208818,2025-05-18T17:00:00+00:00,140,2024,Regular Season - 37,530,Atletico Madrid,543,Real Betis,4,1,FT,7.0,2.0,1.0,2.0,1.4,0.6,0.8,11.0,3.0,2.0,0.0,2.6,1.2,1.4,H,5
1208821,2025-05-18T17:00:00+00:00,140,2024,Regular Season - 37,532,Valencia,531,Athletic Club,0,1,FT,8.0,2.0,2.0,1.0,1.6,1.0,0.6,10.0,3.0,1.0,1.0,0.8,0.2,0.6,A,1
1208826,2025-05-18T17:00:00+00:00,140,2024,Regular Season - 37,534,Las Palmas,537,Leganes,0,1,FT,3.0,1.0,0.0,4.0,0.6,1.2,-0.6,6.0,1.0,3.0,1.0,1.2,1.6,-0.4,A,1
1208824,2025-05-18T17:00:00+00:00,140,2024,Regular Season - 37,536,Sevilla,541,Real Madrid,0,2,FT,5.0,1.0,2.0,2.0,1.2,1.4,-0.2,12.0,4.0,0.0,1.0,2.0,1.4,0.6,A,2
1208820,2025-05-18T17:00:00+00:00,140,2024,Regular Season - 37,538,Celta Vigo,728,Rayo Vallecano,1,2,FT,9.0,3.0,0.0,2.0,2.4,1.8,0.6,8.0,2.0,2.0,1.0,1.0,1.2,-0.2,A,3
1208823,2025-05-18T17:00:00+00:00,140,2024,Regular Season - 37,548,Real Sociedad,547,Girona,3,2,FT,2.0,0.0,2.0,3.0,0.4,1.6,-1.2,7.0,2.0,1.0,2.0,0.8,1.0,-0.2,H,5
1208825,2025-05-18T17:00:00+00:00,140,2024,Regular Season - 37,720,Valladolid,542,Alaves,0,1,FT,0.0,0.0,0.0,5.0,1.0,2.6,-1.6,8.0,2.0,2.0,1.0,0.6,0.4,0.2,A,1
1212946,2025-05-18T17:00:00+00:00,140,2024,Regular Season - 37,727,Osasuna,540,Espanyol,2,0,FT,10.0,3.0,1.0,1.0,1.8,1.4,0.4,1.0,0.0,1.0,4.0,0.8,1.8,-1.0,H,2
1208822,2025-05-18T17:00:00+00:00,140,2024,Regular Season - 37,798,Mallorca,546,Getafe,1,2,FT,4.0,1.0,1.0,3.0,0.6,1.0,-0.4,0.0,0.0,0.0,5.0,0.0,1.6,-1.6,A,3
1208828,2025-05-23T19:00:00+00:00,140,2024,Regular Season - 38,543,Real Betis,532,Valencia,1,1,FT,8.0,2.0,2.0,1.0,2.2,1.8,0.4,7.0,2.0,1.0,2.0,1.4,1.0,0.4,D,2
1208829,2025-05-24T14:15:00+00:00,140,2024,Regular Season - 38,541,Real Madrid,548,Real Sociedad,2,0,FT,12.0,4.0,0.0,1.0,2.2,1.4,0.8,4.0,1.0,1.0,3.0,0.6,1.6,-1.0,H,2
1208831,2025-05-24T16:30:00+00:00,140,2024,Regular Season - 38,537,Leganes,720,Valladolid,3,0,FT,8.0,2.0,2.0,1.0,1.4,1.6,-0.2,0.0,0.0,0.0,5.0,0.6,2.2,-1.6,H,3
1212947,2025-05-24T16:30:00+00:00,140,2024,Regular Season - 38,540,Espanyol,534,Las Palmas,2,0,FT,0.0,0.0,0.0,5.0,0.6,2.0,-1.4,0.0,0.0,0.0,5.0,0.4,1.4,-1.0,H,2
1208830,2025-05-24T19:00:00+00:00,140,2024,Regular Season - 38,542,Alaves,727,Osasuna,1,1,FT,10.0,3.0,1.0,1.0,0.6,0.2,0.4,10.0,3.0,1.0,1.0,1.6,1.0,0.6,D,2
1208833,2025-05-24T19:00:00+00:00,140,2024,Regular Season - 38,546,Getafe,538,Celta Vigo,1,2,FT,3.0,1.0,0.0,4.0,0.4,1.6,-1.2,9.0,3.0,0.0,2.0,2.0,1.4,0.6,A,3
1208834,2025-05-24T19:00:00+00:00,140,2024,Regular Season - 38,728,Rayo Vallecano,798,Mallorca,0,0,FT,10.0,3.0,1.0,1.0,1.2,1.2,0.0,3.0,1.0,0.0,4.0,0.8,1.4,-0.6,D,0
1208832,2025-05-25T12:00:00+00:00,140,2024,Regular Season - 38,547,Girona,530,Atletico Madrid,0,4,FT,7.0,2.0,1.0,2.0,1.0,1.0,0.0,10.0,3.0,1.0,1.0,2.2,0.6,1.6,A,4
1208835,2025-05-25T14:15:00+00:00,140,2024,Regular Season - 38,533,Villarreal,536,Sevilla,4,2,FT,15.0,5.0,0.0,0.0,2.4,0.8,1.6,4.0,1.0,1.0,3.0,1.0,1.6,-0.6,H,6
1208827,2025-05-25T19:00:00+00:00,140,2024,Regular Season - 38,531,Athletic Club,529,Barcelona,0,3,FT,13.0,4.0,1.0,0.0,1.0,0.0,1.0,12.0,4.0,0.0,1.0,2.2,1.4,0.8,A,3
