league_id,season,team_id,team_name,player_id,player_name,matches_played,minutes,goals,assists,shots_total,shots_on,goal_contributions,goals_per_90
140,2024,529,Barcelona,521,Robert Lewandowski,5,412.0,4.0,2.0,16.0,8.0,6.0,0.8737864077669902
140,2024,529,Barcelona,386828,Lamine Yamal,5,443.0,3.0,4.0,11.0,7.0,7.0,0.6094808126410836
140,2024,529,Barcelona,1496,Raphinha,5,450.0,3.0,2.0,11.0,7.0,5.0,0.6
140,2024,529,Barcelona,1323,Dani Olmo,3,189.0,3.0,0.0,8.0,4.0,3.0,1.4285714285714286
140,2024,531,Athletic Club,128398,Oihan Sancet,5,376.0,3.0,0.0,6.0,4.0,3.0,0.7180851063829787
140,2024,533,Villarreal,18906,Ayoze Pérez,5,248.0,3.0,0.0,9.0,3.0,3.0,1.0887096774193548
140,2024,534,Las Palmas,47324,Sandro Ramírez,5,312.0,3.0,0.0,7.0,5.0,3.0,0.8653846153846154
140,2024,538,Celta Vigo,47348,Borja Iglesias,5,243.0,3.0,0.0,4.0,4.0,3.0,1.1111111111111112
140,2024,540,Espanyol,47349,Javi Puado,5,431.0,3.0,0.0,10.0,3.0,3.0,0.6264501160092807
140,2024,541,Real Madrid,278,Kylian Mbappé,5,439.0,3.0,0.0,19.0,12.0,3.0,0.6150341685649203
140,2024,538,Celta Vigo,162712,Óscar Mingueza,5,405.0,2.0,3.0,4.0,3.0,5.0,0.4444444444444444
140,2024,530,Atletico Madrid,56,Antoine Griezmann,5,364.0,2.0,2.0,5.0,3.0,4.0,0.4945054945054945
140,2024,538,Celta Vigo,47445,Iago Aspas,5,377.0,2.0,2.0,9.0,5.0,4.0,0.47745358090185674
140,2024,530,Atletico Madrid,753,Marcos Llorente,5,405.0,2.0,1.0,3.0,2.0,3.0,0.4444444444444444
140,2024,541,Real Madrid,762,Vinícius Júnior,5,439.0,2.0,1.0,8.0,3.0,3.0,0.41002277904328016
140,2024,529,Barcelona,133609,Pedri,5,335.0,2.0,0.0,3.0,2.0,2.0,0.5373134328358209
140,2024,532,Valencia,47264,Hugo Duro,4,346.0,2.0,0.0,9.0,4.0,2.0,0.5202312138728323
140,2024,533,Villarreal,83,Arnaut Danjuma,3,203.0,2.0,0.0,4.0,3.0,2.0,0.8866995073891626
140,2024,537,Leganes,185202,Juan Cruz,5,247.0,2.0,0.0,4.0,3.0,2.0,0.728744939271255
140,2024,542,Alaves,47181,Toni Martínez,3,72.0,2.0,0.0,6.0,4.0,2.0,2.5
140,2024,547,Girona,155,Abel Ruíz,5,373.0,2.0,0.0,9.0,5.0,2.0,0.48257372654155495
140,2024,547,Girona,2617,Cristhian Stuani,5,56.0,2.0,0.0,3.0,2.0,2.0,3.2142857142857144
140,2024,720,Valladolid,264470,Raúl Moro,5,336.0,2.0,0.0,6.0,3.0,2.0,0.5357142857142857
140,2024,728,Rayo Vallecano,47285,Unai López,5,218.0,2.0,0.0,3.0,3.0,2.0,0.8256880733944955
140,2024,529,Barcelona,931,Ferran Torres,5,206.0,1.0,1.0,4.0,3.0,2.0,0.4368932038834951
140,2024,529,Barcelona,1257,Jules Koundé,5,450.0,1.0,1.0,3.0,1.0,2.0,0.2
140,2024,530,Atletico Madrid,8492,Alexander Sørloth,5,208.0,1.0,1.0,11.0,5.0,2.0,0.4326923076923077
140,2024,532,Valencia,162127,Diego López,5,405.0,1.0,1.0,1.0,1.0,2.0,0.2222222222222222
140,2024,533,Villarreal,70500,Sergi Cardona,5,446.0,1.0,1.0,3.0,1.0,2.0,0.20179372197309417
140,2024,538,Celta Vigo,269163,Williot Swedberg,5,189.0,1.0,1.0,7.0,5.0,2.0,0.47619047619047616
140,2024,538,Celta Vigo,329720,Hugo Álvarez,5,392.0,1.0,1.0,3.0,3.0,2.0,0.22959183673469388
140,2024,541,Real Madrid,744,Brahim Díaz,5,124.0,1.0,1.0,1.0,1.0,2.0,0.7258064516129032
140,2024,541,Real Madrid,756,Federico Valverde,5,450.0,1.0,1.0,6.0,3.0,2.0,0.2
140,2024,541,Real Madrid,10009,Rodrygo,5,359.0,1.0,1.0,5.0,4.0,2.0,0.25069637883008355
140,2024,547,Girona,2182,Viktor Tsygankov,4,263.0,1.0,1.0,3.0,1.0,2.0,0.34220532319391633
140,2024,728,Rayo Vallecano,15900,Abdul Mumin,5,450.0,1.0,1.0,1.0,1.0,2.0,0.2
140,2024,728,Rayo Vallecano,128582,Jorge de Frutos,5,299.0,1.0,1.0,2.0,1.0,2.0,0.3010033444816054
140,2024,798,Mallorca,46742,Dani Rodríguez,6,337.0,1.0,1.0,4.0,1.0,2.0,0.26706231454005935
140,2024,798,Mallorca,50048,Vedat Muriqi,6,469.0,1.0,1.0,12.0,6.0,2.0,0.19189765458422176
140,2024,530,Atletico Madrid,50,Koke,5,363.0,1.0,0.0,2.0,2.0,1.0,0.24793388429752067
140,2024,530,Atletico Madrid,53,Ángel Correa,5,120.0,1.0,0.0,1.0,1.0,1.0,0.75
140,2024,530,Atletico Madrid,6009,Julián Álvarez,5,237.0,1.0,0.0,4.0,2.0,1.0,0.379746835443038
140,2024,530,Atletico Madrid,67972,Conor Gallagher,4,192.0,1.0,0.0,2.0,1.0,1.0,0.46875
140,2024,531,Athletic Club,182617,Beñat Prados,5,301.0,1.0,0.0,2.0,2.0,1.0,0.29900332225913623
140,2024,531,Athletic Club,183799,Nico Williams,5,301.0,1.0,0.0,8.0,4.0,1.0,0.29900332225913623
140,2024,531,Athletic Club,183849,Aitor Paredes,3,171.0,1.0,0.0,1.0,1.0,1.0,0.5263157894736842
140,2024,533,Villarreal,928,Dani Parejo,5,315.0,1.0,0.0,2.0,2.0,1.0,0.2857142857142857
140,2024,533,Villarreal,21997,Logan Costa,4,212.0,1.0,0.0,1.0,1.0,1.0,0.42452830188679247
140,2024,533,Villarreal,343684,Thierno Barry,4,236.0,1.0,0.0,7.0,3.0,1.0,0.3813559322033898
140,2024,534,Las Palmas,47052,Álex Muñoz,5,192.0,1.0,0.0,2.0,1.0,1.0,0.46875
140,2024,534,Las Palmas,182519,Alberto Moleiro,5,349.0,1.0,0.0,10.0,8.0,1.0,0.25787965616045844
140,2024,536,Sevilla,2054,Jesús Navas,5,143.0,1.0,0.0,2.0,2.0,1.0,0.6293706293706294
140,2024,536,Sevilla,25458,Dodi Lukebakio,5,303.0,1.0,0.0,9.0,6.0,1.0,0.297029702970297
140,2024,536,Sevilla,182772,Juanlu Sánchez,5,264.0,1.0,0.0,2.0,1.0,1.0,0.3409090909090909
140,2024,537,Leganes,129657,Enric Franquesa,5,249.0,1.0,0.0,1.0,1.0,1.0,0.3614457831325301
140,2024,538,Celta Vigo,26845,Anastasios Douvikas,5,207.0,1.0,0.0,6.0,4.0,1.0,0.43478260869565216
140,2024,538,Celta Vigo,47435,Fran Beltrán,5,322.0,1.0,0.0,2.0,1.0,1.0,0.2795031055900621
140,2024,538,Celta Vigo,47988,Carl Starfelt,5,285.0,1.0,0.0,2.0,1.0,1.0,0.3157894736842105
140,2024,540,Espanyol,184420,Carlos Romero,5,416.0,1.0,0.0,2.0,1.0,1.0,0.21634615384615385
140,2024,540,Espanyol,311344,Alejo Véliz,5,371.0,1.0,0.0,10.0,4.0,1.0,0.24258760107816713
140,2024,541,Real Madrid,377122,Endrick,5,29.0,1.0,0.0,4.0,2.0,1.0,3.103448275862069
140,2024,542,Alaves,6233,Nahuel Tenaglia,5,360.0,1.0,0.0,1.0,1.0,1.0,0.25
140,2024,542,Alaves,47396,Kike García,5,312.0,1.0,0.0,7.0,2.0,1.0,0.28846153846153844
140,2024,542,Alaves,51241,Tomás Conechny,5,271.0,1.0,0.0,7.0,4.0,1.0,0.33210332103321033
140,2024,542,Alaves,104853,Asier Villalibre,5,85.0,1.0,0.0,4.0,2.0,1.0,1.0588235294117647
140,2024,542,Alaves,187214,Carlos Vicente,5,439.0,1.0,0.0,5.0,2.0,1.0,0.20501138952164008
140,2024,543,Real Betis,1561,Marc Bartra,2,176.0,1.0,0.0,1.0,1.0,1.0,0.5113636363636364
140,2024,543,Real Betis,181421,Abdessamad Ezzalzouli,4,231.0,1.0,0.0,9.0,5.0,1.0,0.38961038961038963
140,2024,543,Real Betis,340279,Vitor Roque,2,61.0,1.0,0.0,2.0,2.0,1.0,1.4754098360655739
140,2024,546,Getafe,403554,Christantus Uche,4,353.0,1.0,0.0,3.0,1.0,1.0,0.254957507082153
140,2024,547,Girona,1700,Iván Martín,5,386.0,1.0,0.0,1.0,1.0,1.0,0.23316062176165803
140,2024,547,Girona,2061,Bryan Gil,5,395.0,1.0,0.0,11.0,5.0,1.0,0.22784810126582278
140,2024,547,Girona,336674,Gabriel Misehouy,5,20.0,1.0,0.0,1.0,1.0,1.0,4.5
140,2024,548,Real Sociedad,32862,Takefusa Kubo,6,376.0,1.0,0.0,3.0,1.0,1.0,0.2393617021276596
140,2024,548,Real Sociedad,47315,Martín Zubimendi,6,495.0,1.0,0.0,4.0,2.0,1.0,0.18181818181818182
140,2024,548,Real Sociedad,47440,Brais Méndez,4,265.0,1.0,0.0,5.0,2.0,1.0,0.33962264150943394
140,2024,727,Osasuna,46658,Rubén García,5,333.0,1.0,0.0,5.0,3.0,1.0,0.2702702702702703
140,2024,727,Osasuna,146751,Raúl García de Haro,5,123.0,1.0,0.0,2.0,1.0,1.0,0.7317073170731707
140,2024,727,Osasuna,181259,Abel Bretones,5,330.0,1.0,0.0,1.0,1.0,1.0,0.2727272727272727
140,2024,727,Osasuna,279822,Flavien Boyomo,2,180.0,1.0,0.0,1.0,1.0,1.0,0.5
140,2024,728,Rayo Vallecano,52,Sergio Camello,5,258.0,1.0,0.0,6.0,4.0,1.0,0.3488372093023256
140,2024,728,Rayo Vallecano,1703,Andrei Rațiu,4,260.0,1.0,0.0,4.0,2.0,1.0,0.34615384615384615
140,2024,728,Rayo Vallecano,47543,Álvaro García,4,241.0,1.0,0.0,7.0,2.0,1.0,0.37344398340248963
140,2024,798,Mallorca,46751,Abdón Prats,6,83.0,1.0,0.0,2.0,1.0,1.0,1.0843373493975903
140,2024,531,Athletic Club,47294,Iñaki Williams,5,419.0,0.0,3.0,5.0,1.0,3.0,0.0
140,2024,533,Villarreal,182219,Alejandro Baena,4,323.0,0.0,2.0,7.0,3.0,2.0,0.0
140,2024,534,Las Palmas,19337,Oliver McBurnie,5,422.0,0.0,2.0,7.0,3.0,2.0,0.0
140,2024,540,Espanyol,46709,Álvaro Tejero,5,255.0,0.0,2.0,3.0,1.0,2.0,0.0
140,2024,529,Barcelona,329728,Marc Casadó,5,241.0,0.0,1.0,2.0,0.0,1.0,0.0
140,2024,529,Barcelona,396623,Pau Cubarsí,5,366.0,0.0,1.0,2.0,0.0,1.0,0.0
140,2024,530,Atletico Madrid,2472,Rodrigo de Paul,5,228.0,0.0,1.0,0.0,0.0,1.0,0.0
140,2024,530,Atletico Madrid,126936,Samuel Lino,5,340.0,0.0,1.0,9.0,4.0,1.0,0.0
140,2024,530,Atletico Madrid,336594,Pablo Barrios,4,315.0,0.0,1.0,6.0,1.0,1.0,0.0
140,2024,531,Athletic Club,47275,Óscar de Marcos,4,167.0,0.0,1.0,0.0,0.0,1.0,0.0
140,2024,531,Athletic Club,47291,Gorka Guruzeta,5,295.0,0.0,1.0,3.0,2.0,1.0,0.0
140,2024,532,Valencia,47013,Rafa Mir,4,241.0,0.0,1.0,3.0,0.0,1.0,0.0
140,2024,533,Villarreal,1707,Gerard Moreno,3,116.0,0.0,1.0,4.0,3.0,1.0,0.0
140,2024,533,Villarreal,47541,Santi Comesaña,5,428.0,0.0,1.0,2.0,0.0,1.0,0.0
140,2024,533,Villarreal,122956,Diego Conde,5,450.0,0.0,1.0,0.0,0.0,1.0,0.0
140,2024,533,Villarreal,184226,Yéremy Pino,5,242.0,0.0,1.0,1.0,0.0,1.0,0.0
140,2024,534,Las Palmas,46860,Javier Muñoz,5,423.0,0.0,1.0,3.0,1.0,1.0,0.0
140,2024,534,Las Palmas,70315,Kirian Rodríguez,5,425.0,0.0,1.0,7.0,4.0,1.0,0.0
140,2024,536,Sevilla,1911,Lucas Ocampos,2,176.0,0.0,1.0,3.0,2.0,1.0,0.0
140,2024,536,Sevilla,47329,Adrià Pedrosa,5,360.0,0.0,1.0,4.0,1.0,1.0,0.0
140,2024,536,Sevilla,185398,Isaac Romero,5,367.0,0.0,1.0,12.0,5.0,1.0,0.0
140,2024,537,Leganes,41976,Yvan Neyou,5,376.0,0.0,1.0,3.0,0.0,1.0,0.0
140,2024,537,Leganes,46849,Javier Hernández,5,427.0,0.0,1.0,4.0,1.0,1.0,0.0
140,2024,537,Leganes,47416,Óscar Rodríguez,5,250.0,0.0,1.0,4.0,1.0,1.0,0.0
140,2024,538,Celta Vigo,320517,Pablo Durán,5,85.0,0.0,1.0,0.0,0.0,1.0,0.0
140,2024,540,Espanyol,128478,Walid Cheddira,3,78.0,0.0,1.0,2.0,1.0,1.0,0.0
140,2024,540,Espanyol,182674,Jofre Carreras,5,255.0,0.0,1.0,2.0,1.0,1.0,0.0
140,2024,541,Real Madrid,372,Éder Militão,5,450.0,0.0,1.0,3.0,2.0,1.0,0.0
140,2024,542,Alaves,46740,Stoichkov,5,288.0,0.0,1.0,3.0,1.0,1.0,0.0
140,2024,542,Alaves,47389,Joan Jordán,1,26.0,0.0,1.0,0.0,0.0,1.0,0.0
140,2024,542,Alaves,162686,Antonio Blanco,5,335.0,0.0,1.0,3.0,1.0,1.0,0.0
140,2024,543,Real Betis,668,Nabil Fekir,2,180.0,0.0,1.0,5.0,1.0,1.0,0.0
140,2024,543,Real Betis,1439,Héctor Bellerín,4,28.0,0.0,1.0,0.0,0.0,1.0,0.0
140,2024,546,Getafe,47085,Luis Milla,4,360.0,0.0,1.0,3.0,1.0,1.0,0.0
140,2024,547,Girona,547,Donny van de Beek,5,30.0,0.0,1.0,0.0,0.0,1.0,0.0
140,2024,547,Girona,2449,Yangel Herrera,4,269.0,0.0,1.0,2.0,0.0,1.0,0.0
140,2024,547,Girona,47520,Portu,5,151.0,0.0,1.0,0.0,0.0,1.0,0.0
140,2024,547,Girona,162032,Miguel Gutiérrez,5,450.0,0.0,1.0,3.0,2.0,1.0,0.0
140,2024,547,Girona,389602,Iker Almena,2,46.0,0.0,1.0,1.0,0.0,1.0,0.0
140,2024,548,Real Sociedad,23,Sergio Gómez,6,418.0,0.0,1.0,4.0,3.0,1.0,0.0
140,2024,548,Real Sociedad,2202,Hamari Traoré,4,314.0,0.0,1.0,0.0,0.0,1.0,0.0
140,2024,720,Valladolid,8587,Selim Amallah,5,331.0,0.0,1.0,4.0,2.0,1.0,0.0
140,2024,720,Valladolid,104793,Amath Ndiaye,5,189.0,0.0,1.0,3.0,0.0,1.0,0.0
140,2024,727,Osasuna,46746,Ante Budimir,5,328.0,0.0,1.0,3.0,2.0,1.0,0.0
140,2024,727,Osasuna,286639,Bryan Zaragoza,5,335.0,0.0,1.0,5.0,2.0,1.0,0.0
140,2024,728,Rayo Vallecano,18895,Florian Lejeune,5,450.0,0.0,1.0,6.0,3.0,1.0,0.0
140,2024,728,Rayo Vallecano,41552,Ismaila Ciss,5,138.0,0.0,1.0,0.0,0.0,1.0,0.0
140,2024,728,Rayo Vallecano,47414,Gerard Gumbau,5,135.0,0.0,1.0,2.0,1.0,1.0,0.0
140,2024,728,Rayo Vallecano,47554,Adrián Embarba,5,341.0,0.0,1.0,4.0,1.0,1.0,0.0
140,2024,728,Rayo Vallecano,181734,Josep Chavarría,5,182.0,0.0,1.0,1.0,0.0,1.0,0.0
140,2024,529,Barcelona,126,Iñaki Peña,5,0.0,0.0,0.0,0.0,0.0,0.0,0.0
140,2024,529,Barcelona,127,Marc-André ter Stegen,5,450.0,0.0,0.0,0.0,0.0,0.0,0.0
140,2024,529,Barcelona,619,Eric García,4,90.0,0.0,0.0,0.0,0.0,0.0,0.0
140,2024,529,Barcelona,2282,Andreas Christensen,1,26.0,0.0,0.0,0.0,0.0,0.0,0.0
140,2024,529,Barcelona,2670,Iñigo Martínez,5,450.0,0.0,0.0,1.0,1.0,0.0,0.0
140,2024,529,Barcelona,161928,Alejandro Balde,5,358.0,0.0,0.0,3.0,1.0,0.0,0.0
140,2024,529,Barcelona,181701,Gerard Martín,5,93.0,0.0,0.0,0.0,0.0,0.0,0.0
140,2024,529,Barcelona,263530,Pau Víctor,5,35.0,0.0,0.0,2.0,1.0,0.0,0.0
140,2024,529,Barcelona,285909,Pablo Torre,5,9.0,0.0,0.0,0.0,0.0,0.0,0.0
140,2024,529,Barcelona,336560,Alex Valle,2,0.0,0.0,0.0,0.0,0.0,0.0,0.0
140,2024,529,Barcelona,336653,Ander Astralaga,4,0.0,0.0,0.0,0.0,0.0,0.0,0.0
140,2024,529,Barcelona,340626,Fermín López,3,67.0,0.0,0.0,1.0,0.0,0.0,0.0
140,2024,529,Barcelona,383647,Diego Kochen,1,0.0,0.0,0.0,0.0,0.0,0.0,0.0
140,2024,529,Barcelona,386859,Hector Fort,5,29.0,0.0,0.0,1.0,0.0,0.0,0.0
140,2024,529,Barcelona,396624,Sergi Domínguez,5,29.0,0.0,0.0,0.0,0.0,0.0,0.0
140,2024,529,Barcelona,433396,Marc Bernal,3,244.0,0.0,0.0,1.0,1.0,0.0,0.0
140,2024,529,Barcelona,441232,Guillermo Fernández,1,0.0,0.0,0.0,0.0,0.0,0.0,0.0
140,2024,529,Barcelona,441244,Andrés Cuenca,1,0.0,0.0,0.0,0.0,0.0,0.0,0.0
140,2024,530,Atletico Madrid,20,Axel Witsel,5,135.0,0.0,0.0,0.0,0.0,0.0,0.0
140,2024,530,Atletico Madrid,29,Jan Oblak,4,360.0,0.0,0.0,0.0,0.0,0.0,0.0
140,2024,530,Atletico Madrid,31,José María Giménez,5,315.0,0.0,0.0,2.0,0.0,0.0,0.0
140,2024,530,Atletico Madrid,133,Clément Lenglet,3,0.0,0.0,0.0,0.0,0.0,0.0,0.0
140,2024,530,Atletico Madrid,2280,César Azpilicueta,5,347.0,0.0,0.0,1.0,1.0,0.0,0.0
140,2024,530,Atletico Madrid,2465,Juan Musso,3,90.0,0.0,0.0,0.0,0.0,0.0,0.0
140,2024,530,Atletico Madrid,6503,Nahuel Molina,5,81.0,0.0,0.0,1.0,0.0,0.0,0.0
140,2024,530,Atletico Madrid,22225,Reinildo Mandava,5,196.0,0.0,0.0,0.0,0.0,0.0,0.0
140,2024,530,Atletico Madrid,42642,Horațiu Moldovan,1,0.0,0.0,0.0,0.0,0.0,0.0,0.0
140,2024,530,Atletico Madrid,47301,Robin Le Normand,5,450.0,0.0,0.0,2.0,0.0,0.0,0.0
140,2024,530,Atletico Madrid,47566,Javi Galán,5,0.0,0.0,0.0,0.0,0.0,0.0,0.0
140,2024,530,Atletico Madrid,136117,Rodrigo Riquelme,5,191.0,0.0,0.0,3.0,1.0,0.0,0.0
140,2024,530,Atletico Madrid,303378,Javier Serrano,1,0.0,0.0,0.0,0.0,0.0,0.0,0.0
140,2024,530,Atletico Madrid,315604,Alejandro Iturbe,1,0.0,0.0,0.0,0.0,0.0,0.0,0.0
140,2024,530,Atletico Madrid,323935,Giuliano Simeone,5,27.0,0.0,0.0,0.0,0.0,0.0,0.0
140,2024,530,Atletico Madrid,333379,Antonio Gomis,5,0.0,0.0,0.0,0.0,0.0,0.0,0.0
140,2024,530,Atletico Madrid,338508,Ilias Kostis,2,0.0,0.0,0.0,0.0,0.0,0.0,0.0
140,2024,530,Atletico Madrid,340154,Arthur Vermeeren,1,0.0,0.0,0.0,0.0,0.0,0.0,0.0
140,2024,531,Athletic Club,898,Ander Herrera,5,109.0,0.0,0.0,1.0,0.0,0.0,0.0
140,2024,531,Athletic Club,30510,Álex Berenguer,5,182.0,0.0,0.0,0.0,0.0,0.0,0.0
140,2024,531,Athletic Club,47007,Iñigo Ruiz de Galarreta,1,59.0,0.0,0.0,0.0,0.0,0.0,0.0
140,2024,531,Athletic Club,47271,Yeray Álvarez,4,360.0,0.0,0.0,1.0,0.0,0.0,0.0
140,2024,531,Athletic Club,47273,Yuri Berchiche,4,360.0,0.0,0.0,3.0,1.0,0.0,0.0
140,2024,531,Athletic Club,47276,Íñigo Lekue,5,200.0,0.0,0.0,0.0,0.0,0.0,0.0
140,2024,531,Athletic Club,47277,Unai Núñez,2,0.0,0.0,0.0,0.0,0.0,0.0,0.0
140,2024,531,Athletic Club,47278,Daniel Vivian,5,369.0,0.0,0.0,0.0,0.0,0.0,0.0
140,2024,531,Athletic Club,47299,Andoni Gorosabel,5,94.0,0.0,0.0,0.0,0.0,0.0,0.0
140,2024,531,Athletic Club,47418,Mikel Vesga,5,197.0,0.0,0.0,0.0,0.0,0.0,0.0
140,2024,531,Athletic Club,179153,Javier Martón Ansó,4,19.0,0.0,0.0,0.0,0.0,0.0,0.0
140,2024,531,Athletic Club,183848,Julen Agirrezabala,4,270.0,0.0,0.0,0.0,0.0,0.0,0.0
140,2024,531,Athletic Club,190489,Álvaro Djaló,3,84.0,0.0,0.0,0.0,0.0,0.0,0.0
140,2024,531,Athletic Club,286593,Nico Serrano,2,0.0,0.0,0.0,0.0,0.0,0.0,0.0
140,2024,531,Athletic Club,288525,Malcom Ares,3,18.0,0.0,0.0,0.0,0.0,0.0,0.0
140,2024,531,Athletic Club,312468,Alex Padilla,5,180.0,0.0,0.0,0.0,0.0,0.0,0.0
140,2024,531,Athletic Club,332302,Oier Gastesi,2,0.0,0.0,0.0,0.0,0.0,0.0,0.0
140,2024,531,Athletic Club,332305,Unai Eguíluz,3,0.0,0.0,0.0,0.0,0.0,0.0,0.0
140,2024,531,Athletic Club,332308,Unai Gómez,5,107.0,0.0,0.0,1.0,0.0,0.0,0.0
140,2024,531,Athletic Club,336998,Adama Boiro,5,79.0,0.0,0.0,0.0,0.0,0.0,0.0
140,2024,531,Athletic Club,383780,Mikel Jauregizar,5,199.0,0.0,0.0,2.0,0.0,0.0,0.0
140,2024,532,Valencia,919,Hugo Guillamón,5,216.0,0.0,0.0,0.0,0.0,0.0,0.0
140,2024,532,Valencia,1482,Thierry Correia,5,348.0,0.0,0.0,4.0,2.0,0.0,0.0
140,2024,532,Valencia,8718,Maximiliano Caufriez,1,0.0,0.0,0.0,0.0,0.0,0.0,0.0
140,2024,532,Valencia,19352,Sergi Canós,2,28.0,0.0,0.0,4.0,2.0,0.0,0.0
140,2024,532,Valencia,24760,Giorgi Mamardashvili,5,450.0,0.0,0.0,0.0,0.0,0.0,0.0
140,2024,532,Valencia,41157,André Almeida,4,269.0,0.0,0.0,1.0,1.0,0.0,0.0
140,2024,532,Valencia,46933,Luis Rioja,4,271.0,0.0,0.0,3.0,0.0,0.0,0.0
140,2024,532,Valencia,47251,Dimitri Foulquier,5,218.0,0.0,0.0,0.0,0.0,0.0,0.0
140,2024,532,Valencia,47463,Pepelu,5,442.0,0.0,0.0,3.0,1.0,0.0,0.0
140,2024,532,Valencia,47527,Stole Dimitrievski,5,0.0,0.0,0.0,0.0,0.0,0.0,0.0
140,2024,532,Valencia,72048,Cenk Özkaçar,2,0.0,0.0,0.0,0.0,0.0,0.0,0.0
140,2024,532,Valencia,119232,Dani Gómez,5,117.0,0.0,0.0,0.0,0.0,0.0,0.0
140,2024,532,Valencia,158378,Enzo Barrenechea,2,45.0,0.0,0.0,0.0,0.0,0.0,0.0
140,2024,532,Valencia,161963,Germán Valera,1,11.0,0.0,0.0,0.0,0.0,0.0,0.0
140,2024,532,Valencia,162175,Jesús Vázquez,5,345.0,0.0,0.0,2.0,1.0,0.0,0.0
140,2024,532,Valencia,270498,Warren Madrigal,1,0.0,0.0,0.0,0.0,0.0,0.0,0.0
140,2024,532,Valencia,288074,Alberto Mari,3,12.0,0.0,0.0,0.0,0.0,0.0,0.0
140,2024,532,Valencia,315699,Javier Guerra,5,242.0,0.0,0.0,2.0,0.0,0.0,0.0
140,2024,532,Valencia,327496,Rodrigo Abajas,4,0.0,0.0,0.0,0.0,0.0,0.0,0.0
140,2024,532,Valencia,333672,César Tárrega,5,270.0,0.0,0.0,1.0,0.0,0.0,0.0
140,2024,532,Valencia,333682,Cristhian Mosquera,5,450.0,0.0,0.0,0.0,0.0,0.0,0.0
140,2024,532,Valencia,348326,Martín Tejón,5,45.0,0.0,0.0,1.0,1.0,0.0,0.0
140,2024,532,Valencia,361385,Yarek Gasiorowski,5,180.0,0.0,0.0,1.0,0.0,0.0,0.0
140,2024,532,Valencia,406266,Ali Fadal,1,0.0,0.0,0.0,0.0,0.0,0.0,0.0
140,2024,532,Valencia,412737,Raúl Jiménez Latorre,4,0.0,0.0,0.0,0.0,0.0,0.0,0.0
140,2024,532,Valencia,439578,David Otorbi,2,13.0,0.0,0.0,0.0,0.0,0.0,0.0
140,2024,532,Valencia,442188,Iker Cordoba,1,0.0,0.0,0.0,0.0,0.0,0.0,0.0
140,2024,532,Valencia,442188,Iker Córdoba,1,0.0,0.0,0.0,0.0,0.0,0.0,0.0
140,2024,533,Villarreal,258,Juan Bernat,2,25.0,0.0,0.0,0.0,0.0,0.0,0.0
140,2024,533,Villarreal,314,Raúl Albiol,5,375.0,0.0,0.0,0.0,0.0,0.0,0.0
140,2024,533,Villarreal,885,Eric Bailly,4,233.0,0.0,0.0,1.0,0.0,0.0,0.0
140,2024,533,Villarreal,1461,Denis Suárez,1,0.0,0.0,0.0,0.0,0.0,0.0,0.0
140,2024,533,Villarreal,3246,Nicolas Pépé,4,132.0,0.0,0.0,6.0,3.0,0.0,0.0
140,2024,533,Villarreal,18794,Kiko Femenía,5,450.0,0.0,0.0,1.0,0.0,0.0,0.0
140,2024,533,Villarreal,20696,Pape Gueye,4,195.0,0.0,0.0,3.0,1.0,0.0,0.0
140,2024,533,Villarreal,161931,Arnau Solà,4,0.0,0.0,0.0,0.0,0.0,0.0,0.0
140,2024,533,Villarreal,169256,Iker Álvarez,1,0.0,0.0,0.0,0.0,0.0,0.0,0.0
140,2024,533,Villarreal,187987,Ramón Terrats,5,35.0,0.0,0.0,0.0,0.0,0.0,0.0
140,2024,533,Villarreal,278619,Luiz Júnior,4,0.0,0.0,0.0,0.0,0.0,0.0,0.0
140,2024,533,Villarreal,288112,Willy Kambwala,3,90.0,0.0,0.0,0.0,0.0,0.0,0.0
140,2024,533,Villarreal,290740,Ilias Akhomach,5,200.0,0.0,0.0,3.0,1.0,0.0,0.0
140,2024,533,Villarreal,336637,Antonio Espigares,1,0.0,0.0,0.0,0.0,0.0,0.0,0.0
140,2024,533,Villarreal,378284,Etta Eyong,1,0.0,0.0,0.0,0.0,0.0,0.0,0.0
140,2024,533,Villarreal,391131,Jose Requena,1,0.0,0.0,0.0,0.0,0.0,0.0,0.0
140,2024,533,Villarreal,411702,Pau Cabanes De La Torre,1,0.0,0.0,0.0,0.0,0.0,0.0,0.0
140,2024,533,Villarreal,435552,Pau Navarro,5,0.0,0.0,0.0,0.0,0.0,0.0,0.0
140,2024,534,Las Palmas,124,Jasper Cillessen,5,450.0,0.0,0.0,0.0,0.0,0.0,0.0
140,2024,534,Las Palmas,536,Daley Sinkgraven,1,0.0,0.0,0.0,0.0,0.0,0.0,0.0
140,2024,534,Las Palmas,1304,Dinko Horkaš,3,0.0,0.0,0.0,0.0,0.0,0.0,0.0
140,2024,534,Las Palmas,2671,Jaime Mata,5,163.0,0.0,0.0,2.0,1.0,0.0,0.0
140,2024,534,Las Palmas,21709,Enzo Loiodice,5,128.0,0.0,0.0,0.0,0.0,0.0,0.0
140,2024,534,Las Palmas,44811,Scott McKenna,5,368.0,0.0,0.0,0.0,0.0,0.0,0.0
140,2024,534,Las Palmas,46854,Viti Rozada,5,109.0,0.0,0.0,0.0,0.0,0.0,0.0
140,2024,534,Las Palmas,47004,Fabio González,3,45.0,0.0,0.0,2.0,0.0,0.0,0.0
140,2024,534,Las Palmas,47111,Benito Ramírez,5,54.0,0.0,0.0,1.0,0.0,0.0,0.0
140,2024,534,Las Palmas,47393,Marc Cardona,5,24.0,0.0,0.0,1.0,0.0,0.0,0.0
140,2024,534,Las Palmas,47464,José Campaña,5,190.0,0.0,0.0,0.0,0.0,0.0,0.0
140,2024,534,Las Palmas,122230,Manuel Fuster,5,88.0,0.0,0.0,1.0,0.0,0.0,0.0
140,2024,534,Las Palmas,129791,Fábio Silva,1,27.0,0.0,0.0,1.0,1.0,0.0,0.0
140,2024,534,Las Palmas,131535,Alex Suárez,5,380.0,0.0,0.0,0.0,0.0,0.0,0.0
140,2024,534,Las Palmas,162026,Marvin Park,5,366.0,0.0,0.0,0.0,0.0,0.0,0.0
140,2024,534,Las Palmas,162475,Mika Mármol,5,450.0,0.0,0.0,2.0,0.0,0.0,0.0
140,2024,534,Las Palmas,182694,Iván Gil,4,0.0,0.0,0.0,0.0,0.0,0.0,0.0
140,2024,534,Las Palmas,308678,Dário Essugo,1,0.0,0.0,0.0,0.0,0.0,0.0,0.0
140,2024,534,Las Palmas,431890,Juanma Herzog,5,0.0,0.0,0.0,0.0,0.0,0.0,0.0
140,2024,534,Las Palmas,440748,Alvaro Killane,2,0.0,0.0,0.0,0.0,0.0,0.0,0.0
140,2024,534,Las Palmas,453885,Aboubacar Bassinga,3,11.0,0.0,0.0,0.0,0.0,0.0,0.0
140,2024,534,Las Palmas,481993,Valentín Pezzolesi,1,0.0,0.0,0.0,0.0,0.0,0.0,0.0
140,2024,534,Las Palmas,486068,Víctor Puig,1,0.0,0.0,0.0,0.0,0.0,0.0,0.0
140,2024,536,Sevilla,48,Saúl Ñíguez,2,179.0,0.0,0.0,5.0,2.0,0.0,0.0
140,2024,536,Sevilla,433,Marcão,5,203.0,0.0,0.0,0.0,0.0,0.0,0.0
140,2024,536,Sevilla,957,Djibril Sow,5,296.0,0.0,0.0,3.0,2.0,0.0,0.0
140,2024,536,Sevilla,1427,Albert Sambi Lokonga,3,153.0,0.0,0.0,1.0,1.0,0.0,0.0
140,2024,536,Sevilla,1489,Nemanja Gudelj,5,250.0,0.0,0.0,1.0,0.0,0.0,0.0
140,2024,536,Sevilla,2468,Gonzalo Montiel,4,10.0,0.0,0.0,0.0,0.0,0.0,0.0
140,2024,536,Sevilla,2778,Kelechi Iheanacho,4,75.0,0.0,0.0,2.0,2.0,0.0,0.0
140,2024,536,Sevilla,19172,Ørjan Nyland,5,450.0,0.0,0.0,0.0,0.0,0.0,0.0
140,2024,536,Sevilla,21004,Lucien Agoumé,5,277.0,0.0,0.0,0.0,0.0,0.0,0.0
140,2024,536,Sevilla,39121,Chidera Ejuke,5,265.0,0.0,0.0,3.0,1.0,0.0,0.0
140,2024,536,Sevilla,47016,Álvaro Fernández,5,0.0,0.0,0.0,0.0,0.0,0.0,0.0
140,2024,536,Sevilla,119235,Pedro Ortiz,1,0.0,0.0,0.0,0.0,0.0,0.0,0.0
140,2024,536,Sevilla,133110,Tanguy Nianzou,5,180.0,0.0,0.0,2.0,0.0,0.0,0.0
140,2024,536,Sevilla,162126,Peque Fernández,5,116.0,0.0,0.0,0.0,0.0,0.0,0.0
140,2024,536,Sevilla,174918,Loïc Badé,4,270.0,0.0,0.0,3.0,1.0,0.0,0.0
140,2024,536,Sevilla,195923,José Ángel Carmona,5,442.0,0.0,0.0,5.0,2.0,0.0,0.0
140,2024,536,Sevilla,297311,Kike Salas,5,102.0,0.0,0.0,2.0,0.0,0.0,0.0
140,2024,536,Sevilla,308346,Alberto Flores,3,0.0,0.0,0.0,0.0,0.0,0.0,0.0
140,2024,536,Sevilla,319572,Valentín Barco,2,100.0,0.0,0.0,2.0,0.0,0.0,0.0
140,2024,536,Sevilla,331330,Matías Árbol,1,0.0,0.0,0.0,0.0,0.0,0.0,0.0
140,2024,536,Sevilla,335034,Pablo Rivera,1,0.0,0.0,0.0,0.0,0.0,0.0,0.0
140,2024,536,Sevilla,340152,Stanis Idumbo Muzambo,5,8.0,0.0,0.0,0.0,0.0,0.0,0.0
140,2024,536,Sevilla,360411,Alberto Collado,2,0.0,0.0,0.0,0.0,0.0,0.0,0.0
140,2024,537,Leganes,403,Matija Nastasić,1,45.0,0.0,0.0,0.0,0.0,0.0,0.0
140,2024,537,Leganes,1708,Dani Raba,5,134.0,0.0,0.0,3.0,2.0,0.0,0.0
140,2024,537,Leganes,1826,Sébastien Haller,1,90.0,0.0,0.0,0.0,0.0,0.0,0.0
140,2024,537,Leganes,2036,Juan Soriano,5,450.0,0.0,0.0,0.0,0.0,0.0,0.0
140,2024,537,Leganes,2060,Munir El Haddadi,4,64.0,0.0,0.0,0.0,0.0,0.0,0.0
140,2024,537,Leganes,2433,Renato Tapia,5,115.0,0.0,0.0,1.0,0.0,0.0,0.0
140,2024,537,Leganes,2575,Jackson Porozo,4,0.0,0.0,0.0,0.0,0.0,0.0,0.0
140,2024,537,Leganes,2813,Marko Dmitrović,5,0.0,0.0,0.0,0.0,0.0,0.0,0.0
140,2024,537,Leganes,5974,Julián Chicco,5,112.0,0.0,0.0,0.0,0.0,0.0,0.0
140,2024,537,Leganes,21701,Valentin Rosier,5,393.0,0.0,0.0,0.0,0.0,0.0,0.0
140,2024,537,Leganes,47080,Jorge Sáenz,4,225.0,0.0,0.0,0.0,0.0,0.0,0.0
140,2024,537,Leganes,47321,Roberto López,5,26.0,0.0,0.0,1.0,0.0,0.0,0.0
140,2024,537,Leganes,47361,Darko Brašanac,5,354.0,0.0,0.0,3.0,1.0,0.0,0.0
140,2024,537,Leganes,47494,Miguel de la Fuente,5,283.0,0.0,0.0,2.0,1.0,0.0,0.0
140,2024,537,Leganes,123047,Sergio González,5,450.0,0.0,0.0,0.0,0.0,0.0,0.0
140,2024,537,Leganes,131492,Aritz Arambarri,3,178.0,0.0,0.0,0.0,0.0,0.0,0.0
140,2024,537,Leganes,162122,Adrià Altimira,4,115.0,0.0,0.0,0.0,0.0,0.0,0.0
140,2024,537,Leganes,184481,Diego Garcia,5,100.0,0.0,0.0,4.0,2.0,0.0,0.0
140,2024,537,Leganes,302051,Seydouba Cisse,5,283.0,0.0,0.0,0.0,0.0,0.0,0.0
140,2024,537,Leganes,313196,Joao Urbáez,1,0.0,0.0,0.0,0.0,0.0,0.0,0.0
140,2024,537,Leganes,327495,Alvin,4,0.0,0.0,0.0,0.0,0.0,0.0,0.0
140,2024,537,Leganes,337955,Lalo Aguilar,1,0.0,0.0,0.0,0.0,0.0,0.0,0.0
140,2024,537,Leganes,385389,Alex Gil,1,0.0,0.0,0.0,0.0,0.0,0.0,0.0
140,2024,537,Leganes,388032,Carlos Guirao,1,0.0,0.0,0.0,0.0,0.0,0.0,0.0
140,2024,538,Celta Vigo,570,Franco Cervi,1,0.0,0.0,0.0,0.0,0.0,0.0,0.0
140,2024,538,Celta Vigo,1364,Jailson,5,390.0,0.0,0.0,1.0,1.0,0.0,0.0
140,2024,538,Celta Vigo,1926,Joseph Aidoo,5,8.0,0.0,0.0,0.0,0.0,0.0,0.0
140,2024,538,Celta Vigo,2278,Marcos Alonso,1,15.0,0.0,0.0,0.0,0.0,0.0,0.0
140,2024,538,Celta Vigo,18835,Vicente Guaita,4,90.0,0.0,0.0,0.0,0.0,0.0,0.0
140,2024,538,Celta Vigo,18896,Javier Manquillo,4,115.0,0.0,0.0,0.0,0.0,0.0,0.0
140,2024,538,Celta Vigo,22235,Jonathan Bamba,5,160.0,0.0,0.0,1.0,1.0,0.0,0.0
140,2024,538,Celta Vigo,47427,Iván Villar,5,360.0,0.0,0.0,0.0,0.0,0.0,0.0
140,2024,538,Celta Vigo,119213,Alfon González,4,111.0,0.0,0.0,5.0,3.0,0.0,0.0
140,2024,538,Celta Vigo,157988,Sergio Carreira,5,103.0,0.0,0.0,0.0,0.0,0.0,0.0
140,2024,538,Celta Vigo,162123,Ilaix Moriba,5,159.0,0.0,0.0,0.0,0.0,0.0,0.0
140,2024,538,Celta Vigo,182730,Marc Vidal,3,0.0,0.0,0.0,0.0,0.0,0.0,0.0
140,2024,538,Celta Vigo,286559,Carlos Domínguez,4,225.0,0.0,0.0,0.0,0.0,0.0,0.0
140,2024,538,Celta Vigo,286795,César Fernández,3,0.0,0.0,0.0,0.0,0.0,0.0,0.0
140,2024,538,Celta Vigo,286796,Damián Rodríguez,5,336.0,0.0,0.0,0.0,0.0,0.0,0.0
140,2024,538,Celta Vigo,304383,Tadeo Allende,1,0.0,0.0,0.0,0.0,0.0,0.0,0.0
140,2024,538,Celta Vigo,313651,Hugo Sotelo,5,83.0,0.0,0.0,0.0,0.0,0.0,0.0
140,2024,538,Celta Vigo,384135,Javi Rodríguez,5,299.0,0.0,0.0,1.0,0.0,0.0,0.0
140,2024,540,Espanyol,1234,Alex Král,5,393.0,0.0,0.0,2.0,0.0,0.0,0.0
140,2024,540,Espanyol,2042,Sergi Gómez,5,140.0,0.0,0.0,1.0,1.0,0.0,0.0
140,2024,540,Espanyol,8683,Irvin Cardona,4,178.0,0.0,0.0,2.0,1.0,0.0,0.0
140,2024,540,Espanyol,30924,Marash Kumbulla,4,335.0,0.0,0.0,0.0,0.0,0.0,0.0
140,2024,540,Espanyol,46764,Brian Oliván,5,105.0,0.0,0.0,0.0,0.0,0.0,0.0
140,2024,540,Espanyol,46775,Salvi Sánchez,4,0.0,0.0,0.0,0.0,0.0,0.0,0.0
140,2024,540,Espanyol,47195,Álvaro Aguado,5,218.0,0.0,0.0,4.0,0.0,0.0,0.0
140,2024,540,Espanyol,47249,Leandro Cabrera,3,270.0,0.0,0.0,0.0,0.0,0.0,0.0
140,2024,540,Espanyol,47352,Fernando Pacheco,5,0.0,0.0,0.0,0.0,0.0,0.0,0.0
140,2024,540,Espanyol,47398,Pere Milla,5,69.0,0.0,0.0,0.0,0.0,0.0,0.0
140,2024,540,Espanyol,47478,Fernando Calero,4,179.0,0.0,0.0,0.0,0.0,0.0,0.0
140,2024,540,Espanyol,67940,José Gragera,5,304.0,0.0,0.0,0.0,0.0,0.0,0.0
140,2024,540,Espanyol,127426,Pol Lozano,5,81.0,0.0,0.0,0.0,0.0,0.0,0.0
140,2024,540,Espanyol,161894,Naci Ünüvar,2,0.0,0.0,0.0,0.0,0.0,0.0,0.0
140,2024,540,Espanyol,182718,Joan García,5,450.0,0.0,0.0,1.0,1.0,0.0,0.0
140,2024,540,Espanyol,182735,Angel Fortuno,5,0.0,0.0,0.0,0.0,0.0,0.0,0.0
140,2024,540,Espanyol,286601,Omar El Hilali,5,447.0,0.0,0.0,0.0,0.0,0.0,0.0
140,2024,540,Espanyol,297742,Antoniu Roca,5,36.0,0.0,0.0,0.0,0.0,0.0,0.0
140,2024,540,Espanyol,355327,Jose Luis Catala,1,0.0,0.0,0.0,0.0,0.0,0.0,0.0
140,2024,540,Espanyol,419912,Omar Sadik,1,0.0,0.0,0.0,0.0,0.0,0.0,0.0
140,2024,540,Espanyol,438284,Rafael Bauza,4,0.0,0.0,0.0,0.0,0.0,0.0,0.0
140,2024,541,Real Madrid,653,Ferland Mendy,4,290.0,0.0,0.0,0.0,0.0,0.0,0.0
140,2024,541,Real Madrid,730,Thibaut Courtois,5,450.0,0.0,0.0,0.0,0.0,0.0,0.0
140,2024,541,Real Madrid,733,Daniel Carvajal,5,371.0,0.0,0.0,1.0,0.0,0.0,0.0
140,2024,541,Real Madrid,736,Fran García,5,160.0,0.0,0.0,1.0,1.0,0.0,0.0
140,2024,541,Real Madrid,741,Jesús Vallejo,2,0.0,0.0,0.0,0.0,0.0,0.0,0.0
140,2024,541,Real Madrid,748,Dani Ceballos,4,77.0,0.0,0.0,0.0,0.0,0.0,0.0
140,2024,541,Real Madrid,754,Luka Modrić,5,215.0,0.0,0.0,3.0,2.0,0.0,0.0
140,2024,541,Real Madrid,757,Lucas Vázquez,5,99.0,0.0,0.0,0.0,0.0,0.0,0.0
140,2024,541,Real Madrid,1271,Aurélien Tchouaméni,4,333.0,0.0,0.0,3.0,0.0,0.0,0.0
140,2024,541,Real Madrid,2285,Antonio Rüdiger,5,450.0,0.0,0.0,4.0,2.0,0.0,0.0
140,2024,541,Real Madrid,47400,Andriy Lunin,5,0.0,0.0,0.0,0.0,0.0,0.0,0.0
140,2024,541,Real Madrid,129718,Jude Bellingham,1,88.0,0.0,0.0,0.0,0.0,0.0,0.0
140,2024,541,Real Madrid,291964,Arda Güler,5,181.0,0.0,0.0,3.0,3.0,0.0,0.0
140,2024,541,Real Madrid,386305,Jacobo Naveros,4,0.0,0.0,0.0,0.0,0.0,0.0,0.0
140,2024,541,Real Madrid,386872,Sergio Mestre,1,0.0,0.0,0.0,0.0,0.0,0.0,0.0
140,2024,541,Real Madrid,388871,Chema Andrés,1,0.0,0.0,0.0,0.0,0.0,0.0,0.0
140,2024,541,Real Madrid,396475,Fran Gonzalez,4,0.0,0.0,0.0,0.0,0.0,0.0,0.0
140,2024,542,Alaves,6085,Carlos Benavídez,5,68.0,0.0,0.0,1.0,0.0,0.0,0.0
140,2024,542,Alaves,40419,Aleksandar Sedlar,4,266.0,0.0,0.0,1.0,0.0,0.0,0.0
140,2024,542,Alaves,46813,Abdelkabir Abqar,5,424.0,0.0,0.0,1.0,0.0,0.0,0.0
140,2024,542,Alaves,46933,Luis Rioja,1,22.0,0.0,0.0,0.0,0.0,0.0,0.0
140,2024,542,Alaves,47309,Ander Guevara,5,293.0,0.0,0.0,1.0,0.0,0.0,0.0
140,2024,542,Alaves,47353,Antonio Sivera,5,450.0,0.0,0.0,0.0,0.0,0.0,0.0
140,2024,542,Alaves,64309,Manuel Sánchez,4,297.0,0.0,0.0,0.0,0.0,0.0,0.0
140,2024,542,Alaves,70476,Moussa Diarra,5,155.0,0.0,0.0,0.0,0.0,0.0,0.0
140,2024,542,Alaves,104821,Jon Guridi,5,317.0,0.0,0.0,2.0,0.0,0.0,0.0
140,2024,542,Alaves,122471,Jesús Owono,5,0.0,0.0,0.0,0.0,0.0,0.0,0.0
140,2024,542,Alaves,162170,Hugo Novoa Ramos,4,130.0,0.0,0.0,1.0,0.0,0.0,0.0
140,2024,542,Alaves,163060,Adrián Rodríguez,3,0.0,0.0,0.0,0.0,0.0,0.0,0.0
140,2024,542,Alaves,183751,Abderrahman Rebbach,4,70.0,0.0,0.0,0.0,0.0,0.0,0.0
140,2024,542,Alaves,263812,Luka Romero,5,95.0,0.0,0.0,1.0,0.0,0.0,0.0
140,2024,542,Alaves,295383,Adrián,5,90.0,0.0,0.0,1.0,1.0,0.0,0.0
140,2024,542,Alaves,311773,Santiago Mouriño,3,26.0,0.0,0.0,1.0,1.0,0.0,0.0
140,2024,542,Alaves,313562,Eneko Ortiz,1,0.0,0.0,0.0,0.0,0.0,0.0,0.0
140,2024,542,Alaves,324750,Carlos Martín,4,55.0,0.0,0.0,0.0,0.0,0.0,0.0
140,2024,542,Alaves,384273,Julen Lartitegi,1,0.0,0.0,0.0,0.0,0.0,0.0,0.0
140,2024,542,Alaves,390742,Joaquin Panichelli,1,0.0,0.0,0.0,0.0,0.0,0.0,0.0
140,2024,543,Real Betis,1264,Youssouf Sabaly,4,332.0,0.0,0.0,2.0,0.0,0.0,0.0
140,2024,543,Real Betis,1578,Giovani Lo Celso,1,29.0,0.0,0.0,0.0,0.0,0.0,0.0
140,2024,543,Real Betis,1580,William Carvalho,4,250.0,0.0,0.0,2.0,1.0,0.0,0.0
140,2024,543,Real Betis,1631,Ricardo Rodríguez,4,45.0,0.0,0.0,0.0,0.0,0.0,0.0
140,2024,543,Real Betis,1697,Pablo Fornals,4,305.0,0.0,0.0,2.0,0.0,0.0,0.0
140,2024,543,Real Betis,18812,Adrián,4,0.0,0.0,0.0,0.0,0.0,0.0,0.0
140,2024,543,Real Betis,20600,Romain Perraud,4,315.0,0.0,0.0,2.0,0.0,0.0,0.0
140,2024,543,Real Betis,46672,Rui Silva,4,360.0,0.0,0.0,0.0,0.0,0.0,0.0
140,2024,543,Real Betis,47119,Aitor Ruibal,4,201.0,0.0,0.0,3.0,1.0,0.0,0.0
140,2024,543,Real Betis,47302,Diego Llorente,4,360.0,0.0,0.0,0.0,0.0,0.0,0.0
140,2024,543,Real Betis,47320,Juanmi,3,136.0,0.0,0.0,3.0,0.0,0.0,0.0
140,2024,543,Real Betis,47341,Marc Roca,4,347.0,0.0,0.0,1.0,0.0,0.0,0.0
140,2024,543,Real Betis,47579,Chimy Ávila,4,108.0,0.0,0.0,2.0,1.0,0.0,0.0
140,2024,543,Real Betis,128985,Iker Losada,4,14.0,0.0,0.0,0.0,0.0,0.0,0.0
140,2024,543,Real Betis,133185,Johnny,4,46.0,0.0,0.0,2.0,0.0,0.0,0.0
140,2024,543,Real Betis,179996,Francisco Vieites,3,0.0,0.0,0.0,0.0,0.0,0.0,0.0
140,2024,543,Real Betis,185477,Rodri Sánchez,3,117.0,0.0,0.0,2.0,2.0,0.0,0.0
140,2024,543,Real Betis,195100,Natan,3,189.0,0.0,0.0,1.0,0.0,0.0,0.0
140,2024,543,Real Betis,270973,Lucas Alcazar,2,0.0,0.0,0.0,0.0,0.0,0.0,0.0
140,2024,543,Real Betis,270973,Lucas Alcázar,1,0.0,0.0,0.0,0.0,0.0,0.0,0.0
140,2024,543,Real Betis,286084,Sergi Altimira,4,77.0,0.0,0.0,1.0,0.0,0.0,0.0
140,2024,543,Real Betis,400948,Assane Diao,4,80.0,0.0,0.0,2.0,0.0,0.0,0.0
140,2024,543,Real Betis,443162,Jesus Rodriguez,1,0.0,0.0,0.0,0.0,0.0,0.0,0.0
140,2024,543,Real Betis,456619,Manu González,1,0.0,0.0,0.0,0.0,0.0,0.0,0.0
140,2024,546,Getafe,143,Carles Aleñá,4,167.0,0.0,0.0,3.0,1.0,0.0,0.0
140,2024,546,Getafe,2039,Juan Berrocal,3,89.0,0.0,0.0,0.0,0.0,0.0,0.0
140,2024,546,Getafe,6168,Omar Alderete,3,270.0,0.0,0.0,4.0,1.0,0.0,0.0
140,2024,546,Getafe,18867,Diego Rico,4,354.0,0.0,0.0,2.0,1.0,0.0,0.0
140,2024,546,Getafe,46795,Domingos Duarte,4,0.0,0.0,0.0,0.0,0.0,0.0,0.0
140,2024,546,Getafe,47247,David Soria,4,360.0,0.0,0.0,0.0,0.0,0.0,0.0
140,2024,546,Getafe,47250,Djené,4,360.0,0.0,0.0,1.0,0.0,0.0,0.0
140,2024,546,Getafe,47258,Mauro Arambarri,4,143.0,0.0,0.0,1.0,0.0,0.0,0.0
140,2024,546,Getafe,47306,Álex Sola,4,310.0,0.0,0.0,4.0,0.0,0.0,0.0
140,2024,546,Getafe,66491,Jiří Letáček,4,0.0,0.0,0.0,0.0,0.0,0.0,0.0
140,2024,546,Getafe,67955,Carles Pérez,4,264.0,0.0,0.0,4.0,0.0,0.0,0.0
140,2024,546,Getafe,68483,Bertuğ Özgür Yıldırım,2,168.0,0.0,0.0,2.0,1.0,0.0,0.0
140,2024,546,Getafe,119742,Juan Iglesias,4,360.0,0.0,0.0,3.0,0.0,0.0,0.0
140,2024,546,Getafe,270516,Peter González,4,91.0,0.0,0.0,1.0,0.0,0.0,0.0
140,2024,546,Getafe,293297,John Finn,2,22.0,0.0,0.0,0.0,0.0,0.0,0.0
140,2024,546,Getafe,309364,Coba Gomes Da Costa,2,0.0,0.0,0.0,0.0,0.0,0.0,0.0
140,2024,546,Getafe,325415,Nabil Aberdin,3,224.0,0.0,0.0,1.0,0.0,0.0,0.0
140,2024,546,Getafe,333373,Gorka Rivera,2,19.0,0.0,0.0,0.0,0.0,0.0,0.0
140,2024,546,Getafe,352859,Guillem Trilla,1,0.0,0.0,0.0,0.0,0.0,0.0,0.0
140,2024,546,Getafe,364415,Yellu Santiago,4,63.0,0.0,0.0,0.0,0.0,0.0,0.0
140,2024,546,Getafe,465838,Alberto Risco,4,36.0,0.0,0.0,1.0,1.0,0.0,0.0
140,2024,546,Getafe,482071,Diego Ferrer,1,0.0,0.0,0.0,0.0,0.0,0.0,0.0
140,2024,547,Girona,83,Arnaut Danjuma,2,100.0,0.0,0.0,1.0,0.0,0.0,0.0
140,2024,547,Girona,158,Paulo Gazzaniga,5,450.0,0.0,0.0,0.0,0.0,0.0,0.0
140,2024,547,Girona,531,Daley Blind,5,450.0,0.0,0.0,1.0,1.0,0.0,0.0
140,2024,547,Girona,1557,Pau López,4,0.0,0.0,0.0,0.0,0.0,0.0,0.0
140,2024,547,Girona,18949,Oriol Romeu,4,241.0,0.0,0.0,0.0,0.0,0.0,0.0
140,2024,547,Girona,47153,Juan Carlos,4,0.0,0.0,0.0,0.0,0.0,0.0,0.0
140,2024,547,Girona,47334,David López,5,450.0,0.0,0.0,1.0,0.0,0.0,0.0
140,2024,547,Girona,47492,Toni Villa,1,0.0,0.0,0.0,0.0,0.0,0.0,0.0
140,2024,547,Girona,47511,Juanpe,5,0.0,0.0,0.0,0.0,0.0,0.0,0.0
140,2024,547,Girona,66407,Ladislav Krejčí,5,9.0,0.0,0.0,0.0,0.0,0.0,0.0
140,2024,547,Girona,109564,Bojan Miovski,4,95.0,0.0,0.0,1.0,1.0,0.0,0.0
140,2024,547,Girona,162434,Alejandro Francés,5,264.0,0.0,0.0,0.0,0.0,0.0,0.0
140,2024,547,Girona,281795,Yáser Asprilla,3,84.0,0.0,0.0,1.0,0.0,0.0,0.0
140,2024,547,Girona,283668,Arnau Martínez,5,201.0,0.0,0.0,0.0,0.0,0.0,0.0
140,2024,547,Girona,306727,Jhon Solís,5,190.0,0.0,0.0,0.0,0.0,0.0,0.0
140,2024,547,Girona,333447,Raúl Martínez,1,0.0,0.0,0.0,0.0,0.0,0.0,0.0
140,2024,547,Girona,339105,Joel Roca,1,0.0,0.0,0.0,0.0,0.0,0.0,0.0
140,2024,548,Real Sociedad,737,Álvaro Odriozola,2,30.0,0.0,0.0,0.0,0.0,0.0,0.0
140,2024,548,Real Sociedad,7332,Luka Sučić,5,182.0,0.0,0.0,4.0,1.0,0.0,0.0
140,2024,548,Real Sociedad,21694,Nayef Aguerd,2,165.0,0.0,0.0,2.0,1.0,0.0,0.0
140,2024,548,Real Sociedad,31406,Umar Sadiq,6,176.0,0.0,0.0,1.0,0.0,0.0,0.0
140,2024,548,Real Sociedad,37938,Sheraldo Becker,6,347.0,0.0,0.0,5.0,3.0,0.0,0.0
140,2024,548,Real Sociedad,47269,Álex Remiro,6,540.0,0.0,0.0,0.0,0.0,0.0,0.0
140,2024,548,Real Sociedad,47298,Aritz Elustondo,4,240.0,0.0,0.0,1.0,0.0,0.0,0.0
140,2024,548,Real Sociedad,47303,Aihen Muñoz,6,126.0,0.0,0.0,0.0,0.0,0.0,0.0
140,2024,548,Real Sociedad,47314,Igor Zubeldia,4,306.0,0.0,0.0,0.0,0.0,0.0,0.0
140,2024,548,Real Sociedad,47317,Ander Barrenetxea,4,189.0,0.0,0.0,3.0,1.0,0.0,0.0
140,2024,548,Real Sociedad,47323,Mikel Oyarzabal,5,239.0,0.0,0.0,0.0,0.0,0.0,0.0
140,2024,548,Real Sociedad,61774,Orri Steinn Óskarsson,3,81.0,0.0,0.0,1.0,0.0,0.0,0.0
140,2024,548,Real Sociedad,182546,Jon Pacheco,6,330.0,0.0,0.0,0.0,0.0,0.0,0.0
140,2024,548,Real Sociedad,182603,Jon Ander Olasagasti,6,33.0,0.0,0.0,0.0,0.0,0.0,0.0
140,2024,548,Real Sociedad,182636,Javi López,5,379.0,0.0,0.0,2.0,0.0,0.0,0.0
140,2024,548,Real Sociedad,183699,Urko González,3,45.0,0.0,0.0,0.0,0.0,0.0,0.0
140,2024,548,Real Sociedad,183744,Beñat Turrientes,6,310.0,0.0,0.0,3.0,1.0,0.0,0.0
140,2024,548,Real Sociedad,189831,Egoitz Arana,2,0.0,0.0,0.0,0.0,0.0,0.0,0.0
140,2024,548,Real Sociedad,189832,Unai Marrero,6,0.0,0.0,0.0,0.0,0.0,0.0,0.0
140,2024,548,Real Sociedad,199044,Jon Aramburu,6,180.0,0.0,0.0,1.0,0.0,0.0,0.0
140,2024,548,Real Sociedad,287652,Jon Magunazelaia,5,0.0,0.0,0.0,0.0,0.0,0.0,0.0
140,2024,548,Real Sociedad,290106,Pablo Marín,6,51.0,0.0,0.0,0.0,0.0,0.0,0.0
140,2024,548,Real Sociedad,337843,Aitor Fraga,1,0.0,0.0,0.0,0.0,0.0,0.0,0.0
140,2024,548,Real Sociedad,405073,Jon Martin,6,90.0,0.0,0.0,1.0,0.0,0.0,0.0
140,2024,720,Valladolid,740,Javi Sánchez,4,242.0,0.0,0.0,0.0,0.0,0.0,0.0
140,2024,720,Valladolid,2459,Darwin Machís,5,58.0,0.0,0.0,1.0,0.0,0.0,0.0
140,2024,720,Valladolid,8518,Mamadou Sylla,5,171.0,0.0,0.0,3.0,0.0,0.0,0.0
140,2024,720,Valladolid,14341,Stanko Jurić,5,305.0,0.0,0.0,0.0,0.0,0.0,0.0
140,2024,720,Valladolid,18902,Kenedy,1,12.0,0.0,0.0,0.0,0.0,0.0,0.0
140,2024,720,Valladolid,41320,André Ferreira,4,0.0,0.0,0.0,0.0,0.0,0.0,0.0
140,2024,720,Valladolid,46919,César de la Hoz,3,0.0,0.0,0.0,0.0,0.0,0.0,0.0
140,2024,720,Valladolid,46979,Iván Sánchez,5,245.0,0.0,0.0,0.0,0.0,0.0,0.0
140,2024,720,Valladolid,47078,Luis Pérez,5,450.0,0.0,0.0,0.0,0.0,0.0,0.0
140,2024,720,Valladolid,48372,Eray Cömert,5,326.0,0.0,0.0,2.0,0.0,0.0,0.0
140,2024,720,Valladolid,56283,Lucas Rosa,5,450.0,0.0,0.0,1.0,0.0,0.0,0.0
140,2024,720,Valladolid,72048,Cenk Özkaçar,2,92.0,0.0,0.0,0.0,0.0,0.0,0.0
140,2024,720,Valladolid,107153,Kike Pérez,5,362.0,0.0,0.0,2.0,0.0,0.0,0.0
140,2024,720,Valladolid,122233,Marcos André,5,136.0,0.0,0.0,0.0,0.0,0.0,0.0
140,2024,720,Valladolid,162028,Juanmi Latasa,3,152.0,0.0,0.0,3.0,0.0,0.0,0.0
140,2024,720,Valladolid,169295,Karl Hein,5,450.0,0.0,0.0,0.0,0.0,0.0,0.0
140,2024,720,Valladolid,181463,Víctor Meseguer,5,155.0,0.0,0.0,2.0,0.0,0.0,0.0
140,2024,720,Valladolid,279822,Flavien Boyomo,3,270.0,0.0,0.0,2.0,0.0,0.0,0.0
140,2024,720,Valladolid,292219,Stipe Biuk,1,0.0,0.0,0.0,0.0,0.0,0.0,0.0
140,2024,720,Valladolid,298064,David Torres,5,8.0,0.0,0.0,0.0,0.0,0.0,0.0
140,2024,720,Valladolid,329725,Arnau Rafús,1,0.0,0.0,0.0,0.0,0.0,0.0,0.0
140,2024,720,Valladolid,331004,Ivan Cantalejo,5,87.0,0.0,0.0,0.0,0.0,0.0,0.0
140,2024,720,Valladolid,332304,Raúl Chasco,4,0.0,0.0,0.0,0.0,0.0,0.0,0.0
140,2024,720,Valladolid,343205,Mario Martin,4,128.0,0.0,0.0,1.0,1.0,0.0,0.0
140,2024,720,Valladolid,361386,Koke,4,0.0,0.0,0.0,0.0,0.0,0.0,0.0
140,2024,727,Osasuna,1825,Lucas Torró,5,445.0,0.0,0.0,1.0,0.0,0.0,0.0
140,2024,727,Osasuna,46646,Sergio Herrera,5,450.0,0.0,0.0,0.0,0.0,0.0,0.0
140,2024,727,Osasuna,46652,Unai García,5,0.0,0.0,0.0,0.0,0.0,0.0,0.0
140,2024,727,Osasuna,46657,Nacho Vidal,5,100.0,0.0,0.0,0.0,0.0,0.0,0.0
140,2024,727,Osasuna,46660,Javi Martínez,5,11.0,0.0,0.0,0.0,0.0,0.0,0.0
140,2024,727,Osasuna,46662,Jon Moncayola,5,358.0,0.0,0.0,3.0,0.0,0.0,0.0
140,2024,727,Osasuna,46967,Juan Cruz,5,120.0,0.0,0.0,0.0,0.0,0.0,0.0
140,2024,727,Osasuna,47391,Rubén Peña,3,53.0,0.0,0.0,1.0,0.0,0.0,0.0
140,2024,727,Osasuna,47419,José Manuel Arnáiz,3,14.0,0.0,0.0,0.0,0.0,0.0,0.0
140,2024,727,Osasuna,47448,Aitor Fernández,5,0.0,0.0,0.0,0.0,0.0,0.0,0.0
140,2024,727,Osasuna,47533,Alejandro Catena,5,450.0,0.0,0.0,4.0,1.0,0.0,0.0
140,2024,727,Osasuna,47574,Moi Gómez,5,191.0,0.0,0.0,0.0,0.0,0.0,0.0
140,2024,727,Osasuna,67939,Aimar Oroz,5,381.0,0.0,0.0,6.0,3.0,0.0,0.0
140,2024,727,Osasuna,139001,Pablo Ibáñez Lumbreras,5,77.0,0.0,0.0,1.0,1.0,0.0,0.0
140,2024,727,Osasuna,182181,Jesús Areso,5,350.0,0.0,0.0,0.0,0.0,0.0,0.0
140,2024,727,Osasuna,182592,Jorge Herrando,5,270.0,0.0,0.0,1.0,1.0,0.0,0.0
140,2024,727,Osasuna,182621,Iker Muñoz,2,49.0,0.0,0.0,0.0,0.0,0.0,0.0
140,2024,727,Osasuna,288800,Iker Benito,5,35.0,0.0,0.0,0.0,0.0,0.0,0.0
140,2024,727,Osasuna,348029,Dimitrios Stamatakis,3,0.0,0.0,0.0,0.0,0.0,0.0,0.0
140,2024,728,Rayo Vallecano,517,James Rodríguez,1,11.0,0.0,0.0,0.0,0.0,0.0,0.0
140,2024,728,Rayo Vallecano,11379,Augusto Batalla,4,90.0,0.0,0.0,0.0,0.0,0.0,0.0
140,2024,728,Rayo Vallecano,20520,Iván Balliu,5,218.0,0.0,0.0,0.0,0.0,0.0,0.0
140,2024,728,Rayo Vallecano,46654,Aridane Hernández,5,0.0,0.0,0.0,0.0,0.0,0.0,0.0
140,2024,728,Rayo Vallecano,46759,Alfonso Espino,4,305.0,0.0,0.0,2.0,1.0,0.0,0.0
140,2024,728,Rayo Vallecano,46887,Pedro Díaz,5,11.0,0.0,0.0,0.0,0.0,0.0,0.0
140,2024,728,Rayo Vallecano,47109,Óscar Valentín,5,428.0,0.0,0.0,0.0,0.0,0.0,0.0
140,2024,728,Rayo Vallecano,47495,Sergi Guardiola,1,11.0,0.0,0.0,0.0,0.0,0.0,0.0
140,2024,728,Rayo Vallecano,47529,Miguel Ángel Morro,1,0.0,0.0,0.0,0.0,0.0,0.0,0.0
140,2024,728,Rayo Vallecano,47551,Raúl de Tomás,3,0.0,0.0,0.0,0.0,0.0,0.0,0.0
140,2024,728,Rayo Vallecano,47557,Óscar Trejo,5,121.0,0.0,0.0,2.0,0.0,0.0,0.0
140,2024,728,Rayo Vallecano,122657,Randy Nteka,5,179.0,0.0,0.0,1.0,1.0,0.0,0.0
140,2024,728,Rayo Vallecano,131546,Isi Palazón,5,266.0,0.0,0.0,3.0,0.0,0.0,0.0
140,2024,728,Rayo Vallecano,156488,Dani Cárdenas,5,360.0,0.0,0.0,0.0,0.0,0.0,0.0
140,2024,728,Rayo Vallecano,303115,Etienne Eto'o Pineda,2,0.0,0.0,0.0,0.0,0.0,0.0,0.0
140,2024,728,Rayo Vallecano,333292,Pelayo Fernández,4,0.0,0.0,0.0,0.0,0.0,0.0,0.0
140,2024,728,Rayo Vallecano,478243,Marco de las Sías,2,0.0,0.0,0.0,0.0,0.0,0.0,0.0
140,2024,798,Mallorca,414,Omar Mascarell,6,268.0,0.0,0.0,1.0,1.0,0.0,0.0
140,2024,798,Mallorca,920,Toni Lato,5,141.0,0.0,0.0,0.0,0.0,0.0,0.0
140,2024,798,Mallorca,1701,Manu Morlanes,6,277.0,0.0,0.0,0.0,0.0,0.0,0.0
140,2024,798,Mallorca,2001,Cyle Larin,6,174.0,0.0,0.0,0.0,0.0,0.0,0.0
140,2024,798,Mallorca,25375,Takuma Asano,6,321.0,0.0,0.0,8.0,3.0,0.0,0.0
140,2024,798,Mallorca,26302,Pablo Maffeo,4,303.0,0.0,0.0,1.0,0.0,0.0,0.0
140,2024,798,Mallorca,37639,Siebe Van Der Heyden,4,0.0,0.0,0.0,0.0,0.0,0.0,0.0
140,2024,798,Mallorca,46733,Antonio Raíllo,6,540.0,0.0,0.0,5.0,1.0,0.0,0.0
140,2024,798,Mallorca,46738,Martin Valjent,6,450.0,0.0,0.0,1.0,0.0,0.0,0.0
140,2024,798,Mallorca,47336,Sergi Darder,6,372.0,0.0,0.0,3.0,2.0,0.0,0.0
140,2024,798,Mallorca,47399,Iván Cuéllar,6,0.0,0.0,0.0,0.0,0.0,0.0,0.0
140,2024,798,Mallorca,47514,Valery Fernández,2,47.0,0.0,0.0,0.0,0.0,0.0,0.0
140,2024,798,Mallorca,61142,Dominik Greif,6,360.0,0.0,0.0,0.0,0.0,0.0,0.0
140,2024,798,Mallorca,64268,Johan Mojica,6,396.0,0.0,0.0,2.0,0.0,0.0,0.0
140,2024,798,Mallorca,84086,Robert Navarro,3,126.0,0.0,0.0,0.0,0.0,0.0,0.0
140,2024,798,Mallorca,107194,Antonio Sánchez,6,327.0,0.0,0.0,3.0,1.0,0.0,0.0
140,2024,798,Mallorca,108519,Mateu Morey,2,0.0,0.0,0.0,0.0,0.0,0.0,0.0
140,2024,798,Mallorca,179139,Leo Román,6,180.0,0.0,0.0,0.0,0.0,0.0,0.0
140,2024,798,Mallorca,181582,José Copete,6,110.0,0.0,0.0,2.0,1.0,0.0,0.0
140,2024,798,Mallorca,190485,Samuel Costa,6,538.0,0.0,0.0,5.0,3.0,0.0,0.0
140,2024,798,Mallorca,195962,Chiquinho,2,0.0,0.0,0.0,0.0,0.0,0.0,0.0
140,2024,798,Mallorca,297646,Daniel Luna,6,0.0,0.0,0.0,0.0,0.0,0.0,0.0
140,2024,798,Mallorca,411424,Jan Salas,2,0.0,0.0,0.0,0.0,0.0,0.0,0.0
140,2024,798,Mallorca,482473,Marc Domenech,6,115.0,0.0,0.0,1.0,1.0,0.0,0.0
