fixture_id,date,league_id,season,team_id,team_name,opponent_id,opponent_name,is_home,result,points,goals_for,goals_against,goal_diff,form_pts_lastN,form_wins_lastN,form_draws_lastN,form_losses_lastN,form_gf_avg_lastN,form_ga_avg_lastN,form_gd_avg_lastN
1208499,2024-08-17T19:30:00+00:00,140,2024,529,Barcelona,532,Valencia,False,W,3,2,1,1,,,,,,,
1208510,2024-08-24T17:00:00+00:00,140,2024,529,Barcelona,531,Athletic Club,True,W,3,2,1,1,3.0,1.0,0.0,0.0,2.0,1.0,1.0
1208517,2024-08-27T19:30:00+00:00,140,2024,529,Barcelona,728,Rayo Vallecano,False,W,3,2,1,1,6.0,2.0,0.0,0.0,2.0,1.0,1.0
1208522,2024-08-31T15:00:00+00:00,140,2024,529,Barcelona,720,Valladolid,True,W,3,7,0,7,9.0,3.0,0.0,0.0,2.0,1.0,1.0
1208535,2024-09-15T14:15:00+00:00,140,2024,529,Barcelona,547,Girona,False,W,3,4,1,3,12.0,4.0,0.0,0.0,3.25,0.75,2.5
1208544,2024-09-22T16:30:00+00:00,140,2024,529,Barcelona,533,Villarreal,False,W,3,5,1,4,15.0,5.0,0.0,0.0,3.4,0.8,2.6
1208548,2024-09-25T19:00:00+00:00,140,2024,529,Barcelona,546,Getafe,True,W,3,1,0,1,15.0,5.0,0.0,0.0,4.0,0.8,3.2
1208561,2024-09-28T19:00:00+00:00,140,2024,529,Barcelona,727,Osasuna,False,L,0,2,4,-2,15.0,5.0,0.0,0.0,3.8,0.6,3.2
1208568,2024-10-06T14:15:00+00:00,140,2024,529,Barcelona,542,Alaves,False,W,3,3,0,3,12.0,4.0,0.0,1.0,3.8,1.2,2.6
1208576,2024-10-20T19:00:00+00:00,140,2024,529,Barcelona,536,Sevilla,True,W,3,5,1,4,12.0,4.0,0.0,1.0,3.0,1.2,1.8
1208587,2024-10-26T19:00:00+00:00,140,2024,529,Barcelona,541,Real Madrid,False,W,3,4,0,4,12.0,4.0,0.0,1.0,3.2,1.2,2.0
1212921,2024-11-03T15:15:00+00:00,140,2024,529,Barcelona,540,Espanyol,True,W,3,3,1,2,12.0,4.0,0.0,1.0,3.0,1.0,2.0
1208607,2024-11-10T20:00:00+00:00,140,2024,529,Barcelona,548,Real Sociedad,False,L,0,0,1,-1,12.0,4.0,0.0,1.0,3.4,1.2,2.2
1208616,2024-11-23T20:00:00+00:00,140,2024,529,Barcelona,538,Celta Vigo,False,D,1,2,2,0,12.0,4.0,0.0,1.0,3.0,0.6,2.4
1208620,2024-11-30T13:00:00+00:00,140,2024,529,Barcelona,534,Las Palmas,True,L,0,1,2,-1,10.0,3.0,1.0,1.0,2.8,1.0,1.8
1208661,2024-12-03T18:00:00+00:00,140,2024,529,Barcelona,798,Mallorca,False,W,3,5,1,4,7.0,2.0,1.0,2.0,2.0,1.2,0.8
1208635,2024-12-07T15:15:00+00:00,140,2024,529,Barcelona,543,Real Betis,False,D,1,2,2,0,7.0,2.0,1.0,2.0,2.2,1.4,0.8
1208639,2024-12-15T20:00:00+00:00,140,2024,529,Barcelona,537,Leganes,True,L,0,0,1,-1,5.0,1.0,2.0,2.0,2.0,1.6,0.4
1208654,2024-12-21T20:00:00+00:00,140,2024,529,Barcelona,530,Atletico Madrid,True,L,0,1,2,-1,5.0,1.0,2.0,2.0,2.0,1.6,0.4
1208669,2025-01-18T20:00:00+00:00,140,2024,529,Barcelona,546,Getafe,False,D,1,1,1,0,4.0,1.0,1.0,3.0,1.8,1.6,0.2
1208676,2025-01-26T20:00:00+00:00,140,2024,529,Barcelona,532,Valencia,True,W,3,7,1,6,5.0,1.0,2.0,2.0,1.8,1.4,0.4
1208691,2025-02-02T13:00:00+00:00,140,2024,529,Barcelona,542,Alaves,True,W,3,1,0,1,5.0,1.0,2.0,2.0,2.2,1.4,0.8
1208698,2025-02-09T20:00:00+00:00,140,2024,529,Barcelona,536,Sevilla,False,W,3,4,1,3,7.0,2.0,1.0,2.0,2.0,1.0,1.0
1208702,2025-02-17T20:00:00+00:00,140,2024,529,Barcelona,728,Rayo Vallecano,True,W,3,1,0,1,10.0,3.0,1.0,1.0,2.8,1.0,1.8
1208714,2025-02-22T20:00:00+00:00,140,2024,529,Barcelona,534,Las Palmas,False,W,3,2,0,2,13.0,4.0,1.0,0.0,2.8,0.6,2.2
1208719,2025-03-02T15:15:00+00:00,140,2024,529,Barcelona,548,Real Sociedad,True,W,3,4,0,4,15.0,5.0,0.0,0.0,3.0,0.4,2.6
1208737,2025-03-16T20:00:00+00:00,140,2024,529,Barcelona,530,Atletico Madrid,False,W,3,4,2,2,15.0,5.0,0.0,0.0,2.4,0.2,2.2
1208729,2025-03-27T20:00:00+00:00,140,2024,529,Barcelona,727,Osasuna,True,W,3,3,0,3,15.0,5.0,0.0,0.0,3.0,0.6,2.4
1208747,2025-03-30T14:15:00+00:00,140,2024,529,Barcelona,547,Girona,True,W,3,4,1,3,15.0,5.0,0.0,0.0,2.8,0.4,2.4
1208755,2025-04-05T19:00:00+00:00,140,2024,529,Barcelona,543,Real Betis,True,D,1,1,1,0,15.0,5.0,0.0,0.0,3.4,0.6,2.8
1208769,2025-04-12T19:00:00+00:00,140,2024,529,Barcelona,537,Leganes,False,W,3,1,0,1,13.0,4.0,1.0,0.0,3.2,0.8,2.4
1208773,2025-04-19T14:15:00+00:00,140,2024,529,Barcelona,538,Celta Vigo,True,W,3,4,3,1,13.0,4.0,1.0,0.0,2.6,0.8,1.8
1208784,2025-04-22T19:30:00+00:00,140,2024,529,Barcelona,798,Mallorca,True,W,3,1,0,1,13.0,4.0,1.0,0.0,2.6,1.0,1.6
1208795,2025-05-03T19:00:00+00:00,140,2024,529,Barcelona,720,Valladolid,False,W,3,2,1,1,13.0,4.0,1.0,0.0,2.2,1.0,1.2
1208801,2025-05-11T14:15:00+00:00,140,2024,529,Barcelona,541,Real Madrid,True,W,3,4,3,1,13.0,4.0,1.0,0.0,1.8,1.0,0.8
1212945,2025-05-15T19:30:00+00:00,140,2024,529,Barcelona,540,Espanyol,False,W,3,2,0,2,15.0,5.0,0.0,0.0,2.4,1.4,1.0
1208819,2025-05-18T17:00:00+00:00,140,2024,529,Barcelona,533,Villarreal,True,L,0,2,3,-1,15.0,5.0,0.0,0.0,2.6,1.4,1.2
1208827,2025-05-25T19:00:00+00:00,140,2024,529,Barcelona,531,Athletic Club,False,W,3,3,0,3,12.0,4.0,0.0,1.0,2.2,1.4,0.8
1208498,2024-08-19T19:30:00+00:00,140,2024,530,Atletico Madrid,533,Villarreal,False,D,1,2,2,0,,,,,,,
1208503,2024-08-25T19:30:00+00:00,140,2024,530,Atletico Madrid,547,Girona,True,W,3,3,0,3,1.0,0.0,1.0,0.0,2.0,2.0,0.0
1212912,2024-08-28T19:30:00+00:00,140,2024,530,Atletico Madrid,540,Espanyol,True,D,1,0,0,0,4.0,1.0,1.0,0.0,2.5,1.0,1.5
1208521,2024-08-31T17:00:00+00:00,140,2024,530,Atletico Madrid,531,Athletic Club,False,W,3,1,0,1,5.0,1.0,2.0,0.0,1.6666666666666667,0.6666666666666666,1.0
1208530,2024-09-15T19:00:00+00:00,140,2024,530,Atletico Madrid,532,Valencia,True,W,3,3,0,3,8.0,2.0,2.0,0.0,1.5,0.5,1.0
1208543,2024-09-22T19:00:00+00:00,140,2024,530,Atletico Madrid,728,Rayo Vallecano,False,D,1,1,1,0,11.0,3.0,2.0,0.0,1.8,0.4,1.4
1208553,2024-09-26T19:00:00+00:00,140,2024,530,Atletico Madrid,538,Celta Vigo,False,W,3,1,0,1,11.0,3.0,2.0,0.0,1.6,0.2,1.4
1208558,2024-09-29T19:00:00+00:00,140,2024,530,Atletico Madrid,541,Real Madrid,True,D,1,1,1,0,11.0,3.0,2.0,0.0,1.2,0.2,1.0
1208571,2024-10-06T19:00:00+00:00,140,2024,530,Atletico Madrid,548,Real Sociedad,False,D,1,1,1,0,11.0,3.0,2.0,0.0,1.4,0.4,1.0
1208575,2024-10-20T14:15:00+00:00,140,2024,530,Atletico Madrid,537,Leganes,True,W,3,3,1,2,9.0,2.0,3.0,0.0,1.4,0.6,0.8
1208586,2024-10-27T16:30:00+00:00,140,2024,530,Atletico Madrid,543,Real Betis,False,L,0,0,1,-1,9.0,2.0,3.0,0.0,1.4,0.8,0.6
1208594,2024-11-03T13:00:00+00:00,140,2024,530,Atletico Madrid,534,Las Palmas,True,W,3,2,0,2,8.0,2.0,2.0,1.0,1.2,0.8,0.4
1208606,2024-11-10T15:15:00+00:00,140,2024,530,Atletico Madrid,798,Mallorca,False,W,3,1,0,1,8.0,2.0,2.0,1.0,1.4,0.8,0.6
1208619,2024-11-23T15:15:00+00:00,140,2024,530,Atletico Madrid,542,Alaves,True,W,3,2,1,1,10.0,3.0,1.0,1.0,1.4,0.6,0.8
1208624,2024-11-30T20:00:00+00:00,140,2024,530,Atletico Madrid,720,Valladolid,False,W,3,5,0,5,12.0,4.0,0.0,1.0,1.6,0.6,1.0
1208630,2024-12-08T20:00:00+00:00,140,2024,530,Atletico Madrid,536,Sevilla,True,W,3,4,3,1,12.0,4.0,0.0,1.0,2.0,0.4,1.6
1208638,2024-12-15T13:00:00+00:00,140,2024,530,Atletico Madrid,546,Getafe,True,W,3,1,0,1,15.0,5.0,0.0,0.0,2.8,0.8,2.0
1208654,2024-12-21T20:00:00+00:00,140,2024,530,Atletico Madrid,529,Barcelona,False,W,3,2,1,1,15.0,5.0,0.0,0.0,2.6,0.8,1.8
1208657,2025-01-12T15:15:00+00:00,140,2024,530,Atletico Madrid,727,Osasuna,True,W,3,1,0,1,15.0,5.0,0.0,0.0,2.8,1.0,1.8
1208668,2025-01-18T15:15:00+00:00,140,2024,530,Atletico Madrid,537,Leganes,False,L,0,0,1,-1,15.0,5.0,0.0,0.0,2.6,0.8,1.8
1208675,2025-01-25T15:15:00+00:00,140,2024,530,Atletico Madrid,533,Villarreal,True,D,1,1,1,0,12.0,4.0,0.0,1.0,1.6,1.0,0.6
1208683,2025-02-01T17:30:00+00:00,140,2024,530,Atletico Madrid,798,Mallorca,True,W,3,2,0,2,10.0,3.0,1.0,1.0,1.0,0.6,0.4
1208697,2025-02-08T20:00:00+00:00,140,2024,530,Atletico Madrid,541,Real Madrid,False,D,1,1,1,0,10.0,3.0,1.0,1.0,1.2,0.6,0.6
1208701,2025-02-15T17:30:00+00:00,140,2024,530,Atletico Madrid,538,Celta Vigo,True,D,1,1,1,0,8.0,2.0,2.0,1.0,1.0,0.6,0.4
1208713,2025-02-22T17:30:00+00:00,140,2024,530,Atletico Madrid,532,Valencia,False,W,3,3,0,3,6.0,1.0,3.0,1.0,1.0,0.8,0.2
1208723,2025-03-01T20:00:00+00:00,140,2024,530,Atletico Madrid,531,Athletic Club,True,W,3,1,0,1,9.0,2.0,3.0,0.0,1.6,0.6,1.0
1208735,2025-03-09T13:00:00+00:00,140,2024,530,Atletico Madrid,546,Getafe,False,L,0,1,2,-1,11.0,3.0,2.0,0.0,1.6,0.4,1.2
1208737,2025-03-16T20:00:00+00:00,140,2024,530,Atletico Madrid,529,Barcelona,True,L,0,2,4,-2,8.0,2.0,2.0,1.0,1.4,0.8,0.6
1212938,2025-03-29T15:15:00+00:00,140,2024,530,Atletico Madrid,540,Espanyol,False,D,1,1,1,0,7.0,2.0,1.0,2.0,1.6,1.4,0.2
1208760,2025-04-06T14:15:00+00:00,140,2024,530,Atletico Madrid,536,Sevilla,False,W,3,2,1,1,7.0,2.0,1.0,2.0,1.6,1.4,0.2
1208765,2025-04-14T19:00:00+00:00,140,2024,530,Atletico Madrid,720,Valladolid,True,W,3,4,2,2,7.0,2.0,1.0,2.0,1.4,1.6,-0.2
1208776,2025-04-19T19:00:00+00:00,140,2024,530,Atletico Madrid,534,Las Palmas,False,L,0,0,1,-1,7.0,2.0,1.0,2.0,2.0,2.0,0.0
1208783,2025-04-24T19:30:00+00:00,140,2024,530,Atletico Madrid,728,Rayo Vallecano,True,W,3,3,0,3,7.0,2.0,1.0,2.0,1.8,1.8,0.0
1208793,2025-05-03T12:00:00+00:00,140,2024,530,Atletico Madrid,542,Alaves,False,D,1,0,0,0,10.0,3.0,1.0,1.0,2.0,1.0,1.0
1208800,2025-05-10T19:00:00+00:00,140,2024,530,Atletico Madrid,548,Real Sociedad,True,W,3,4,0,4,10.0,3.0,1.0,1.0,1.8,0.8,1.0
1208811,2025-05-15T17:00:00+00:00,140,2024,530,Atletico Madrid,727,Osasuna,False,L,0,0,2,-2,10.0,3.0,1.0,1.0,2.2,0.6,1.6
1208818,2025-05-18T17:00:00+00:00,140,2024,530,Atletico Madrid,543,Real Betis,True,W,3,4,1,3,7.0,2.0,1.0,2.0,1.4,0.6,0.8
1208832,2025-05-25T12:00:00+00:00,140,2024,530,Atletico Madrid,547,Girona,False,W,3,4,0,4,10.0,3.0,1.0,1.0,2.2,0.6,1.6
1208494,2024-08-15T17:00:00+00:00,140,2024,531,Athletic Club,546,Getafe,True,D,1,1,1,0,,,,,,,
1208510,2024-08-24T17:00:00+00:00,140,2024,531,Athletic Club,529,Barcelona,False,L,0,1,2,-1,1.0,0.0,1.0,0.0,1.0,1.0,0.0
1208512,2024-08-28T17:00:00+00:00,140,2024,531,Athletic Club,532,Valencia,True,W,3,1,0,1,1.0,0.0,1.0,1.0,1.0,1.5,-0.5
1208521,2024-08-31T17:00:00+00:00,140,2024,531,Athletic Club,530,Atletico Madrid,True,L,0,0,1,-1,4.0,1.0,1.0,1.0,1.0,1.0,0.0
1208534,2024-09-15T16:30:00+00:00,140,2024,531,Athletic Club,534,Las Palmas,False,W,3,3,2,1,4.0,1.0,1.0,2.0,0.75,1.0,-0.25
1208552,2024-09-19T17:00:00+00:00,140,2024,531,Athletic Club,537,Leganes,False,W,3,2,0,2,7.0,2.0,1.0,2.0,1.2,1.2,0.0
1208539,2024-09-22T14:15:00+00:00,140,2024,531,Athletic Club,538,Celta Vigo,True,W,3,3,1,2,9.0,3.0,0.0,2.0,1.4,1.0,0.4
1208557,2024-09-29T14:15:00+00:00,140,2024,531,Athletic Club,536,Sevilla,True,D,1,1,1,0,12.0,4.0,0.0,1.0,1.8,0.8,1.0
1208570,2024-10-06T12:00:00+00:00,140,2024,531,Athletic Club,547,Girona,False,L,0,1,2,-1,10.0,3.0,1.0,1.0,1.8,1.0,0.8
1212919,2024-10-19T12:00:00+00:00,140,2024,531,Athletic Club,540,Espanyol,True,W,3,4,1,3,10.0,3.0,1.0,1.0,2.0,1.2,0.8
1208585,2024-10-28T20:00:00+00:00,140,2024,531,Athletic Club,798,Mallorca,False,D,1,0,0,0,10.0,3.0,1.0,1.0,2.2,1.0,1.2
1208593,2024-11-03T20:00:00+00:00,140,2024,531,Athletic Club,543,Real Betis,True,D,1,1,1,0,8.0,2.0,2.0,1.0,1.8,1.0,0.8
1208605,2024-11-10T17:30:00+00:00,140,2024,531,Athletic Club,720,Valladolid,False,D,1,1,1,0,6.0,1.0,3.0,1.0,1.4,1.0,0.4
1208611,2024-11-24T20:00:00+00:00,140,2024,531,Athletic Club,548,Real Sociedad,True,W,3,1,0,1,6.0,1.0,3.0,1.0,1.4,1.0,0.4
1208623,2024-12-01T17:30:00+00:00,140,2024,531,Athletic Club,728,Rayo Vallecano,False,W,3,2,1,1,9.0,2.0,3.0,0.0,1.4,0.6,0.8
1208656,2024-12-04T20:00:00+00:00,140,2024,531,Athletic Club,541,Real Madrid,True,W,3,2,1,1,9.0,2.0,3.0,0.0,1.0,0.6,0.4
1208629,2024-12-08T15:15:00+00:00,140,2024,531,Athletic Club,533,Villarreal,True,W,3,2,0,2,11.0,3.0,2.0,0.0,1.4,0.8,0.6
1208641,2024-12-15T15:15:00+00:00,140,2024,531,Athletic Club,542,Alaves,False,D,1,1,1,0,13.0,4.0,1.0,0.0,1.6,0.6,1.0
1208653,2024-12-21T17:30:00+00:00,140,2024,531,Athletic Club,727,Osasuna,False,W,3,2,1,1,13.0,4.0,1.0,0.0,1.6,0.6,1.0
1208667,2025-01-19T13:00:00+00:00,140,2024,531,Athletic Club,538,Celta Vigo,False,W,3,2,1,1,13.0,4.0,1.0,0.0,1.8,0.8,1.0
1208674,2025-01-26T17:30:00+00:00,140,2024,531,Athletic Club,537,Leganes,True,D,1,0,0,0,13.0,4.0,1.0,0.0,1.8,0.8,1.0
1208689,2025-02-02T20:00:00+00:00,140,2024,531,Athletic Club,543,Real Betis,False,D,1,2,2,0,11.0,3.0,2.0,0.0,1.4,0.6,0.8
1208692,2025-02-08T15:15:00+00:00,140,2024,531,Athletic Club,547,Girona,True,W,3,3,0,3,9.0,2.0,3.0,0.0,1.4,1.0,0.4
1212933,2025-02-16T13:00:00+00:00,140,2024,531,Athletic Club,540,Espanyol,False,D,1,1,1,0,11.0,3.0,2.0,0.0,1.8,0.8,1.0
1208710,2025-02-23T13:00:00+00:00,140,2024,531,Athletic Club,720,Valladolid,True,W,3,7,1,6,9.0,2.0,3.0,0.0,1.6,0.8,0.8
1208723,2025-03-01T20:00:00+00:00,140,2024,531,Athletic Club,530,Atletico Madrid,False,L,0,0,1,-1,9.0,2.0,3.0,0.0,2.6,0.8,1.8
1208728,2025-03-09T17:30:00+00:00,140,2024,531,Athletic Club,798,Mallorca,True,D,1,1,1,0,8.0,2.0,2.0,1.0,2.6,1.0,1.6
1208740,2025-03-16T15:15:00+00:00,140,2024,531,Athletic Club,536,Sevilla,False,W,3,1,0,1,8.0,2.0,2.0,1.0,2.4,0.8,1.6
1208746,2025-03-30T16:30:00+00:00,140,2024,531,Athletic Club,727,Osasuna,True,D,1,0,0,0,8.0,2.0,2.0,1.0,2.0,0.8,1.2
1208759,2025-04-06T19:00:00+00:00,140,2024,531,Athletic Club,533,Villarreal,False,D,1,0,0,0,8.0,2.0,2.0,1.0,1.8,0.6,1.2
1208764,2025-04-13T19:00:00+00:00,140,2024,531,Athletic Club,728,Rayo Vallecano,True,W,3,3,1,2,6.0,1.0,3.0,1.0,0.4,0.4,0.0
1208775,2025-04-20T19:00:00+00:00,140,2024,531,Athletic Club,541,Real Madrid,False,L,0,0,1,-1,9.0,2.0,3.0,0.0,1.0,0.4,0.6
1208782,2025-04-23T17:00:00+00:00,140,2024,531,Athletic Club,534,Las Palmas,True,W,3,1,0,1,8.0,2.0,2.0,1.0,0.8,0.4,0.4
1208794,2025-05-04T19:00:00+00:00,140,2024,531,Athletic Club,548,Real Sociedad,False,D,1,0,0,0,8.0,2.0,2.0,1.0,0.8,0.4,0.4
1208808,2025-05-11T16:30:00+00:00,140,2024,531,Athletic Club,542,Alaves,True,W,3,1,0,1,8.0,2.0,2.0,1.0,0.8,0.4,0.4
1208810,2025-05-15T19:30:00+00:00,140,2024,531,Athletic Club,546,Getafe,False,W,3,2,0,2,10.0,3.0,1.0,1.0,1.0,0.4,0.6
1208821,2025-05-18T17:00:00+00:00,140,2024,531,Athletic Club,532,Valencia,False,W,3,1,0,1,10.0,3.0,1.0,1.0,0.8,0.2,0.6
1208827,2025-05-25T19:00:00+00:00,140,2024,531,Athletic Club,529,Barcelona,True,L,0,0,3,-3,13.0,4.0,1.0,0.0,1.0,0.0,1.0
1208499,2024-08-17T19:30:00+00:00,140,2024,532,Valencia,529,Barcelona,True,L,0,1,2,-1,,,,,,,
1208504,2024-08-23T17:00:00+00:00,140,2024,532,Valencia,538,Celta Vigo,False,L,0,1,3,-2,0.0,0.0,0.0,1.0,1.0,2.0,-1.0
1208512,2024-08-28T17:00:00+00:00,140,2024,532,Valencia,531,Athletic Club,False,L,0,0,1,-1,0.0,0.0,0.0,2.0,1.0,2.5,-1.5
1208524,2024-08-31T19:30:00+00:00,140,2024,532,Valencia,533,Villarreal,True,D,1,1,1,0,0.0,0.0,0.0,3.0,0.6666666666666666,2.0,-1.3333333333333333
1208530,2024-09-15T19:00:00+00:00,140,2024,532,Valencia,530,Atletico Madrid,False,L,0,0,3,-3,1.0,0.0,1.0,3.0,0.75,1.75,-1.0
1208545,2024-09-21T16:30:00+00:00,140,2024,532,Valencia,547,Girona,True,W,3,2,0,2,1.0,0.0,1.0,4.0,0.6,2.0,-1.4
1208555,2024-09-24T17:00:00+00:00,140,2024,532,Valencia,727,Osasuna,True,D,1,0,0,0,4.0,1.0,1.0,3.0,0.8,1.6,-0.8
1208560,2024-09-28T16:30:00+00:00,140,2024,532,Valencia,548,Real Sociedad,False,L,0,0,3,-3,5.0,1.0,2.0,2.0,0.6,1.0,-0.4
1208569,2024-10-04T19:00:00+00:00,140,2024,532,Valencia,537,Leganes,False,D,1,0,0,0,5.0,1.0,2.0,2.0,0.6,1.4,-0.8
1208583,2024-10-21T19:00:00+00:00,140,2024,532,Valencia,534,Las Palmas,True,L,0,2,3,-1,5.0,1.0,2.0,2.0,0.4,1.2,-0.8
1208584,2024-10-27T14:15:00+00:00,140,2024,532,Valencia,546,Getafe,False,D,1,1,1,0,5.0,1.0,2.0,2.0,0.8,1.2,-0.4
1208617,2024-11-23T13:00:00+00:00,140,2024,532,Valencia,543,Real Betis,True,W,3,4,2,2,3.0,0.0,3.0,2.0,0.6,1.4,-0.8
1208621,2024-11-29T20:00:00+00:00,140,2024,532,Valencia,798,Mallorca,False,L,0,1,2,-1,5.0,1.0,2.0,2.0,1.4,1.8,-0.4
1208636,2024-12-07T17:30:00+00:00,140,2024,532,Valencia,728,Rayo Vallecano,True,L,0,0,1,-1,5.0,1.0,2.0,2.0,1.6,1.6,0.0
1208645,2024-12-13T20:00:00+00:00,140,2024,532,Valencia,720,Valladolid,False,L,0,0,1,-1,4.0,1.0,1.0,3.0,1.6,1.8,-0.2
1212922,2024-12-18T20:30:00+00:00,140,2024,532,Valencia,540,Espanyol,False,D,1,1,1,0,4.0,1.0,1.0,3.0,1.2,1.4,-0.2
1208655,2024-12-22T13:00:00+00:00,140,2024,532,Valencia,542,Alaves,True,D,1,2,2,0,4.0,1.0,1.0,3.0,1.2,1.4,-0.2
1208600,2025-01-03T20:00:00+00:00,140,2024,532,Valencia,541,Real Madrid,True,L,0,1,2,-1,2.0,0.0,2.0,3.0,0.8,1.4,-0.6
1208659,2025-01-11T20:00:00+00:00,140,2024,532,Valencia,536,Sevilla,False,D,1,1,1,0,2.0,0.0,2.0,3.0,0.8,1.4,-0.6
1208671,2025-01-19T20:00:00+00:00,140,2024,532,Valencia,548,Real Sociedad,True,W,3,1,0,1,3.0,0.0,3.0,2.0,1.0,1.4,-0.4
1208676,2025-01-26T20:00:00+00:00,140,2024,532,Valencia,529,Barcelona,False,L,0,1,7,-6,6.0,1.0,3.0,1.0,1.2,1.2,0.0
1208690,2025-02-02T15:15:00+00:00,140,2024,532,Valencia,538,Celta Vigo,True,W,3,2,1,1,5.0,1.0,2.0,2.0,1.2,2.4,-1.2
1208700,2025-02-09T15:15:00+00:00,140,2024,532,Valencia,537,Leganes,True,W,3,2,0,2,7.0,2.0,1.0,2.0,1.2,2.2,-1.0
1208707,2025-02-15T20:00:00+00:00,140,2024,532,Valencia,533,Villarreal,False,D,1,1,1,0,10.0,3.0,1.0,1.0,1.4,1.8,-0.4
1208713,2025-02-22T17:30:00+00:00,140,2024,532,Valencia,530,Atletico Madrid,True,L,0,0,3,-3,10.0,3.0,1.0,1.0,1.4,1.8,-0.4
1208721,2025-03-02T20:00:00+00:00,140,2024,532,Valencia,727,Osasuna,False,D,1,3,3,0,7.0,2.0,1.0,2.0,1.2,2.4,-1.2
1208733,2025-03-08T17:30:00+00:00,140,2024,532,Valencia,720,Valladolid,True,W,3,2,1,1,8.0,2.0,2.0,1.0,1.6,1.6,0.0
1208738,2025-03-15T20:00:00+00:00,140,2024,532,Valencia,547,Girona,False,D,1,1,1,0,8.0,2.0,2.0,1.0,1.6,1.6,0.0
1208753,2025-03-30T16:30:00+00:00,140,2024,532,Valencia,798,Mallorca,True,W,3,1,0,1,6.0,1.0,3.0,1.0,1.4,1.8,-0.4
1208756,2025-04-05T14:15:00+00:00,140,2024,532,Valencia,541,Real Madrid,False,W,3,2,1,1,8.0,2.0,2.0,1.0,1.4,1.6,-0.2
1208772,2025-04-11T19:00:00+00:00,140,2024,532,Valencia,536,Sevilla,True,W,3,1,0,1,11.0,3.0,2.0,0.0,1.8,1.2,0.6
1208774,2025-04-19T12:00:00+00:00,140,2024,532,Valencia,728,Rayo Vallecano,False,D,1,1,1,0,13.0,4.0,1.0,0.0,1.4,0.6,0.8
1212942,2025-04-22T17:00:00+00:00,140,2024,532,Valencia,540,Espanyol,True,D,1,1,1,0,11.0,3.0,2.0,0.0,1.2,0.6,0.6
1208792,2025-05-03T16:30:00+00:00,140,2024,532,Valencia,534,Las Palmas,False,W,3,3,2,1,11.0,3.0,2.0,0.0,1.2,0.6,0.6
1208807,2025-05-10T12:00:00+00:00,140,2024,532,Valencia,546,Getafe,True,W,3,3,0,3,11.0,3.0,2.0,0.0,1.6,1.0,0.6
1208809,2025-05-14T17:00:00+00:00,140,2024,532,Valencia,542,Alaves,False,L,0,0,1,-1,11.0,3.0,2.0,0.0,1.8,0.8,1.0
1208821,2025-05-18T17:00:00+00:00,140,2024,532,Valencia,531,Athletic Club,True,L,0,0,1,-1,8.0,2.0,2.0,1.0,1.6,1.0,0.6
1208828,2025-05-23T19:00:00+00:00,140,2024,532,Valencia,543,Real Betis,False,D,1,1,1,0,7.0,2.0,1.0,2.0,1.4,1.0,0.4
1208498,2024-08-19T19:30:00+00:00,140,2024,533,Villarreal,530,Atletico Madrid,True,D,1,2,2,0,,,,,,,
1208507,2024-08-23T19:30:00+00:00,140,2024,533,Villarreal,536,Sevilla,False,W,3,2,1,1,1.0,0.0,1.0,0.0,2.0,2.0,0.0
1208518,2024-08-26T19:30:00+00:00,140,2024,533,Villarreal,538,Celta Vigo,True,W,3,4,3,1,4.0,1.0,1.0,0.0,2.0,1.5,0.5
1208524,2024-08-31T19:30:00+00:00,140,2024,533,Villarreal,532,Valencia,False,D,1,1,1,0,7.0,2.0,1.0,0.0,2.6666666666666665,2.0,0.6666666666666666
1208533,2024-09-14T12:00:00+00:00,140,2024,533,Villarreal,798,Mallorca,False,W,3,2,1,1,8.0,2.0,2.0,0.0,2.25,1.75,0.5
1208544,2024-09-22T16:30:00+00:00,140,2024,533,Villarreal,529,Barcelona,True,L,0,1,5,-4,11.0,3.0,2.0,0.0,2.2,1.6,0.6
1212916,2024-09-26T17:00:00+00:00,140,2024,533,Villarreal,540,Espanyol,False,W,3,2,1,1,10.0,3.0,1.0,1.0,2.0,2.2,-0.2
1208563,2024-09-30T19:00:00+00:00,140,2024,533,Villarreal,534,Las Palmas,True,W,3,3,1,2,10.0,3.0,1.0,1.0,2.0,2.2,-0.2
1208567,2024-10-05T19:00:00+00:00,140,2024,533,Villarreal,541,Real Madrid,False,L,0,0,2,-2,10.0,3.0,1.0,1.0,1.8,1.8,0.0
1208582,2024-10-20T16:30:00+00:00,140,2024,533,Villarreal,546,Getafe,True,D,1,1,1,0,9.0,3.0,0.0,2.0,1.6,2.0,-0.4
1208591,2024-10-26T12:00:00+00:00,140,2024,533,Villarreal,720,Valladolid,False,W,3,2,1,1,7.0,2.0,1.0,2.0,1.4,2.0,-0.6
1208610,2024-11-09T15:15:00+00:00,140,2024,533,Villarreal,542,Alaves,True,W,3,3,0,3,10.0,3.0,1.0,1.0,1.6,1.2,0.4
1208613,2024-11-24T13:00:00+00:00,140,2024,533,Villarreal,727,Osasuna,False,D,1,2,2,0,10.0,3.0,1.0,1.0,1.8,1.0,0.8
1208627,2024-12-01T13:00:00+00:00,140,2024,533,Villarreal,547,Girona,True,D,1,2,2,0,8.0,2.0,2.0,1.0,1.6,1.2,0.4
1208629,2024-12-08T15:15:00+00:00,140,2024,533,Villarreal,531,Athletic Club,False,L,0,0,2,-2,9.0,2.0,3.0,0.0,2.0,1.2,0.8
1208642,2024-12-15T17:30:00+00:00,140,2024,533,Villarreal,543,Real Betis,True,L,0,1,2,-1,8.0,2.0,2.0,1.0,1.8,1.4,0.4
1208599,2024-12-18T20:30:00+00:00,140,2024,533,Villarreal,728,Rayo Vallecano,True,D,1,1,1,0,5.0,1.0,2.0,2.0,1.6,1.6,0.0
1208652,2024-12-22T17:30:00+00:00,140,2024,533,Villarreal,537,Leganes,False,W,3,5,2,3,3.0,0.0,3.0,2.0,1.2,1.8,-0.6
1208658,2025-01-13T20:00:00+00:00,140,2024,533,Villarreal,548,Real Sociedad,False,L,0,0,1,-1,5.0,1.0,2.0,2.0,1.8,1.8,0.0
1208670,2025-01-20T20:00:00+00:00,140,2024,533,Villarreal,798,Mallorca,True,W,3,4,0,4,4.0,1.0,1.0,3.0,1.4,1.6,-0.2
1208675,2025-01-25T15:15:00+00:00,140,2024,533,Villarreal,530,Atletico Madrid,False,D,1,1,1,0,7.0,2.0,1.0,2.0,2.2,1.2,1.0
1208687,2025-02-01T15:15:00+00:00,140,2024,533,Villarreal,720,Valladolid,True,W,3,5,1,4,8.0,2.0,2.0,1.0,2.2,1.0,1.2
1208695,2025-02-08T17:30:00+00:00,140,2024,533,Villarreal,534,Las Palmas,False,W,3,2,1,1,10.0,3.0,1.0,1.0,3.0,1.0,2.0
1208707,2025-02-15T20:00:00+00:00,140,2024,533,Villarreal,532,Valencia,True,D,1,1,1,0,10.0,3.0,1.0,1.0,2.4,0.8,1.6
1208712,2025-02-22T15:15:00+00:00,140,2024,533,Villarreal,728,Rayo Vallecano,False,W,3,1,0,1,11.0,3.0,2.0,0.0,2.6,0.8,1.8
1208734,2025-03-08T15:15:00+00:00,140,2024,533,Villarreal,542,Alaves,False,L,0,0,1,-1,11.0,3.0,2.0,0.0,2.0,0.8,1.2
1208744,2025-03-15T17:30:00+00:00,140,2024,533,Villarreal,541,Real Madrid,True,L,0,1,2,-1,10.0,3.0,1.0,1.0,1.8,0.8,1.0
1208750,2025-03-30T12:00:00+00:00,140,2024,533,Villarreal,546,Getafe,False,W,3,2,1,1,7.0,2.0,1.0,2.0,1.0,1.0,0.0
1208759,2025-04-06T19:00:00+00:00,140,2024,533,Villarreal,531,Athletic Club,True,D,1,0,0,0,7.0,2.0,1.0,2.0,1.0,1.0,0.0
1208766,2025-04-13T16:30:00+00:00,140,2024,533,Villarreal,543,Real Betis,False,W,3,2,1,1,7.0,2.0,1.0,2.0,0.8,0.8,0.0
1208779,2025-04-20T14:15:00+00:00,140,2024,533,Villarreal,548,Real Sociedad,True,D,1,2,2,0,7.0,2.0,1.0,2.0,1.0,1.0,0.0
1208786,2025-04-23T17:00:00+00:00,140,2024,533,Villarreal,538,Celta Vigo,False,L,0,0,3,-3,8.0,2.0,2.0,1.0,1.4,1.2,0.2
1212935,2025-04-27T14:15:00+00:00,140,2024,533,Villarreal,540,Espanyol,True,W,3,1,0,1,8.0,2.0,2.0,1.0,1.2,1.4,-0.2
1208798,2025-05-03T14:15:00+00:00,140,2024,533,Villarreal,727,Osasuna,True,W,3,4,2,2,8.0,2.0,2.0,1.0,1.0,1.2,-0.2
1208804,2025-05-10T16:30:00+00:00,140,2024,533,Villarreal,547,Girona,False,W,3,1,0,1,10.0,3.0,1.0,1.0,1.8,1.6,0.2
1208817,2025-05-14T17:00:00+00:00,140,2024,533,Villarreal,537,Leganes,True,W,3,3,0,3,10.0,3.0,1.0,1.0,1.6,1.4,0.2
1208819,2025-05-18T17:00:00+00:00,140,2024,533,Villarreal,529,Barcelona,False,W,3,3,2,1,12.0,4.0,0.0,1.0,1.8,1.0,0.8
1208835,2025-05-25T14:15:00+00:00,140,2024,533,Villarreal,536,Sevilla,True,W,3,4,2,2,15.0,5.0,0.0,0.0,2.4,0.8,1.6
1208497,2024-08-16T19:30:00+00:00,140,2024,534,Las Palmas,536,Sevilla,True,D,1,2,2,0,,,,,,,
1208509,2024-08-25T17:00:00+00:00,140,2024,534,Las Palmas,537,Leganes,False,L,0,1,2,-1,1.0,0.0,1.0,0.0,2.0,2.0,0.0
1208516,2024-08-29T19:30:00+00:00,140,2024,534,Las Palmas,541,Real Madrid,True,D,1,1,1,0,1.0,0.0,1.0,1.0,1.5,2.0,-0.5
1208525,2024-09-01T15:00:00+00:00,140,2024,534,Las Palmas,542,Alaves,False,L,0,0,2,-2,2.0,0.0,2.0,1.0,1.3333333333333333,1.6666666666666667,-0.3333333333333333
1208534,2024-09-15T16:30:00+00:00,140,2024,534,Las Palmas,531,Athletic Club,True,L,0,2,3,-1,2.0,0.0,2.0,2.0,1.0,1.75,-0.75
1208547,2024-09-21T14:15:00+00:00,140,2024,534,Las Palmas,727,Osasuna,False,L,0,1,2,-1,2.0,0.0,2.0,3.0,1.2,2.0,-0.8
1208554,2024-09-26T17:00:00+00:00,140,2024,534,Las Palmas,543,Real Betis,True,D,1,1,1,0,1.0,0.0,1.0,4.0,1.0,2.0,-1.0
1208563,2024-09-30T19:00:00+00:00,140,2024,534,Las Palmas,533,Villarreal,False,L,0,1,3,-2,2.0,0.0,2.0,3.0,1.0,1.8,-0.8
1208573,2024-10-05T16:30:00+00:00,140,2024,534,Las Palmas,538,Celta Vigo,True,L,0,0,1,-1,1.0,0.0,1.0,4.0,1.0,2.2,-1.2
1208583,2024-10-21T19:00:00+00:00,140,2024,534,Las Palmas,532,Valencia,False,W,3,3,2,1,1.0,0.0,1.0,4.0,1.0,2.0,-1.0
1208589,2024-10-26T16:30:00+00:00,140,2024,534,Las Palmas,547,Girona,True,W,3,1,0,1,4.0,1.0,1.0,3.0,1.2,1.8,-0.6
1208594,2024-11-03T13:00:00+00:00,140,2024,534,Las Palmas,530,Atletico Madrid,False,L,0,0,2,-2,7.0,2.0,1.0,2.0,1.2,1.4,-0.2
1208609,2024-11-08T20:00:00+00:00,140,2024,534,Las Palmas,728,Rayo Vallecano,False,W,3,3,1,2,6.0,2.0,0.0,3.0,1.0,1.6,-0.6
1208614,2024-11-23T17:30:00+00:00,140,2024,534,Las Palmas,798,Mallorca,True,L,0,2,3,-1,9.0,3.0,0.0,2.0,1.4,1.2,0.2
1208620,2024-11-30T13:00:00+00:00,140,2024,534,Las Palmas,529,Barcelona,False,W,3,2,1,1,9.0,3.0,0.0,2.0,1.8,1.6,0.2
1208633,2024-12-07T13:00:00+00:00,140,2024,534,Las Palmas,720,Valladolid,True,W,3,2,1,1,9.0,3.0,0.0,2.0,1.6,1.4,0.2
1208646,2024-12-15T17:30:00+00:00,140,2024,534,Las Palmas,548,Real Sociedad,False,D,1,0,0,0,9.0,3.0,0.0,2.0,1.8,1.6,0.2
1212927,2024-12-22T17:30:00+00:00,140,2024,534,Las Palmas,540,Espanyol,True,W,3,1,0,1,10.0,3.0,1.0,1.0,1.8,1.2,0.6
1208664,2025-01-12T13:00:00+00:00,140,2024,534,Las Palmas,546,Getafe,True,L,0,1,2,-1,10.0,3.0,1.0,1.0,1.4,1.0,0.4
1208672,2025-01-19T15:15:00+00:00,140,2024,534,Las Palmas,541,Real Madrid,False,L,0,1,4,-3,10.0,3.0,1.0,1.0,1.2,0.8,0.4
1208677,2025-01-24T20:00:00+00:00,140,2024,534,Las Palmas,727,Osasuna,True,D,1,1,1,0,7.0,2.0,1.0,2.0,1.0,1.4,-0.4
1208685,2025-02-03T20:00:00+00:00,140,2024,534,Las Palmas,547,Girona,False,L,0,1,2,-1,5.0,1.0,2.0,2.0,0.8,1.4,-0.6
1208695,2025-02-08T17:30:00+00:00,140,2024,534,Las Palmas,533,Villarreal,True,L,0,1,2,-1,4.0,1.0,1.0,3.0,1.0,1.8,-0.8
1208708,2025-02-16T17:30:00+00:00,140,2024,534,Las Palmas,798,Mallorca,False,L,0,1,3,-2,1.0,0.0,1.0,4.0,1.0,2.2,-1.2
1208714,2025-02-22T20:00:00+00:00,140,2024,534,Las Palmas,529,Barcelona,True,L,0,0,2,-2,1.0,0.0,1.0,4.0,1.0,2.4,-1.4
1208726,2025-02-28T20:00:00+00:00,140,2024,534,Las Palmas,720,Valladolid,False,D,1,1,1,0,1.0,0.0,1.0,4.0,0.8,2.0,-1.2
1208730,2025-03-09T17:30:00+00:00,140,2024,534,Las Palmas,543,Real Betis,False,L,0,0,1,-1,1.0,0.0,1.0,4.0,0.8,2.0,-1.2
1208745,2025-03-14T20:00:00+00:00,140,2024,534,Las Palmas,542,Alaves,True,D,1,2,2,0,1.0,0.0,1.0,4.0,0.6,1.8,-1.2
1208749,2025-03-31T19:00:00+00:00,140,2024,534,Las Palmas,538,Celta Vigo,False,D,1,1,1,0,2.0,0.0,2.0,3.0,0.8,1.8,-1.0
1208757,2025-04-06T12:00:00+00:00,140,2024,534,Las Palmas,548,Real Sociedad,True,L,0,1,3,-2,3.0,0.0,3.0,2.0,0.8,1.4,-0.6
1208767,2025-04-12T14:15:00+00:00,140,2024,534,Las Palmas,546,Getafe,False,W,3,3,1,2,3.0,0.0,3.0,2.0,1.0,1.6,-0.6
1208776,2025-04-19T19:00:00+00:00,140,2024,534,Las Palmas,530,Atletico Madrid,True,W,3,1,0,1,5.0,1.0,2.0,2.0,1.4,1.6,-0.2
1208782,2025-04-23T17:00:00+00:00,140,2024,534,Las Palmas,531,Athletic Club,False,L,0,0,1,-1,8.0,2.0,2.0,1.0,1.6,1.4,0.2
1208792,2025-05-03T16:30:00+00:00,140,2024,534,Las Palmas,532,Valencia,True,L,0,2,3,-1,7.0,2.0,1.0,2.0,1.2,1.2,0.0
1208806,2025-05-09T19:00:00+00:00,140,2024,534,Las Palmas,728,Rayo Vallecano,True,L,0,0,1,-1,6.0,2.0,0.0,3.0,1.4,1.6,-0.2
1208816,2025-05-13T19:30:00+00:00,140,2024,534,Las Palmas,536,Sevilla,False,L,0,0,1,-1,6.0,2.0,0.0,3.0,1.2,1.2,0.0
1208826,2025-05-18T17:00:00+00:00,140,2024,534,Las Palmas,537,Leganes,True,L,0,0,1,-1,3.0,1.0,0.0,4.0,0.6,1.2,-0.6
1212947,2025-05-24T16:30:00+00:00,140,2024,534,Las Palmas,540,Espanyol,False,L,0,0,2,-2,0.0,0.0,0.0,5.0,0.4,1.4,-1.0
1208497,2024-08-16T19:30:00+00:00,140,2024,536,Sevilla,534,Las Palmas,False,D,1,2,2,0,,,,,,,
1208507,2024-08-23T19:30:00+00:00,140,2024,536,Sevilla,533,Villarreal,True,L,0,1,2,-1,1.0,0.0,1.0,0.0,2.0,2.0,0.0
1208515,2024-08-27T17:00:00+00:00,140,2024,536,Sevilla,798,Mallorca,False,D,1,0,0,0,1.0,0.0,1.0,1.0,1.5,2.0,-0.5
1208529,2024-09-01T17:00:00+00:00,140,2024,536,Sevilla,547,Girona,True,L,0,0,2,-2,2.0,0.0,2.0,1.0,1.0,1.3333333333333333,-0.3333333333333333
1208536,2024-09-14T16:30:00+00:00,140,2024,536,Sevilla,546,Getafe,True,W,3,1,0,1,2.0,0.0,2.0,2.0,0.75,1.5,-0.75
1208542,2024-09-20T19:00:00+00:00,140,2024,536,Sevilla,542,Alaves,False,L,0,1,2,-1,5.0,1.0,2.0,2.0,0.8,1.2,-0.4
1208551,2024-09-24T17:00:00+00:00,140,2024,536,Sevilla,720,Valladolid,True,W,3,2,1,1,4.0,1.0,1.0,3.0,0.6,1.2,-0.6
1208557,2024-09-29T14:15:00+00:00,140,2024,536,Sevilla,531,Athletic Club,False,D,1,1,1,0,7.0,2.0,1.0,2.0,0.8,1.0,-0.2
1208572,2024-10-06T16:30:00+00:00,140,2024,536,Sevilla,543,Real Betis,True,W,3,1,0,1,7.0,2.0,1.0,2.0,1.0,1.2,-0.2
1208576,2024-10-20T19:00:00+00:00,140,2024,536,Sevilla,529,Barcelona,False,L,0,1,5,-4,10.0,3.0,1.0,1.0,1.2,0.8,0.4
1212920,2024-10-25T19:00:00+00:00,140,2024,536,Sevilla,540,Espanyol,False,W,3,2,0,2,7.0,2.0,1.0,2.0,1.2,1.8,-0.6
1208601,2024-11-03T17:30:00+00:00,140,2024,536,Sevilla,548,Real Sociedad,True,L,0,0,2,-2,10.0,3.0,1.0,1.0,1.4,1.4,0.0
1208604,2024-11-09T20:00:00+00:00,140,2024,536,Sevilla,537,Leganes,False,L,0,0,1,-1,7.0,2.0,1.0,2.0,1.0,1.6,-0.6
1208618,2024-11-24T15:15:00+00:00,140,2024,536,Sevilla,728,Rayo Vallecano,True,W,3,1,0,1,6.0,2.0,0.0,3.0,0.8,1.6,-0.8
1208628,2024-12-02T20:00:00+00:00,140,2024,536,Sevilla,727,Osasuna,True,D,1,1,1,0,6.0,2.0,0.0,3.0,0.8,1.6,-0.8
1208630,2024-12-08T20:00:00+00:00,140,2024,536,Sevilla,530,Atletico Madrid,False,L,0,3,4,-1,7.0,2.0,1.0,2.0,0.8,0.8,0.0
1208643,2024-12-14T17:30:00+00:00,140,2024,536,Sevilla,538,Celta Vigo,True,W,3,1,0,1,4.0,1.0,1.0,3.0,1.0,1.6,-0.6
1208651,2024-12-22T15:15:00+00:00,140,2024,536,Sevilla,541,Real Madrid,False,L,0,2,4,-2,7.0,2.0,1.0,2.0,1.2,1.2,0.0
1208659,2025-01-11T20:00:00+00:00,140,2024,536,Sevilla,532,Valencia,True,D,1,1,1,0,7.0,2.0,1.0,2.0,1.6,1.8,-0.2
1208665,2025-01-18T13:00:00+00:00,140,2024,536,Sevilla,547,Girona,False,W,3,2,1,1,5.0,1.0,2.0,2.0,1.6,2.0,-0.4
1212930,2025-01-25T17:30:00+00:00,140,2024,536,Sevilla,540,Espanyol,True,D,1,1,1,0,7.0,2.0,1.0,2.0,1.8,2.0,-0.2
1208684,2025-02-01T13:00:00+00:00,140,2024,536,Sevilla,546,Getafe,False,D,1,0,0,0,8.0,2.0,2.0,1.0,1.4,1.4,0.0
1208698,2025-02-09T20:00:00+00:00,140,2024,536,Sevilla,529,Barcelona,True,L,0,1,4,-3,6.0,1.0,3.0,1.0,1.2,1.4,-0.2
1208706,2025-02-16T15:15:00+00:00,140,2024,536,Sevilla,720,Valladolid,False,W,3,4,0,4,6.0,1.0,3.0,1.0,1.0,1.4,-0.4
1208717,2025-02-24T20:00:00+00:00,140,2024,536,Sevilla,798,Mallorca,True,D,1,1,1,0,8.0,2.0,2.0,1.0,1.6,1.2,0.4
1208722,2025-03-01T15:15:00+00:00,140,2024,536,Sevilla,728,Rayo Vallecano,False,D,1,1,1,0,6.0,1.0,3.0,1.0,1.4,1.2,0.2
1208732,2025-03-09T20:00:00+00:00,140,2024,536,Sevilla,548,Real Sociedad,False,W,3,1,0,1,6.0,1.0,3.0,1.0,1.4,1.2,0.2
1208740,2025-03-16T15:15:00+00:00,140,2024,536,Sevilla,531,Athletic Club,True,L,0,0,1,-1,8.0,2.0,2.0,1.0,1.6,1.2,0.4
1208748,2025-03-30T19:00:00+00:00,140,2024,536,Sevilla,543,Real Betis,False,L,0,1,2,-1,8.0,2.0,2.0,1.0,1.4,0.6,0.8
1208760,2025-04-06T14:15:00+00:00,140,2024,536,Sevilla,530,Atletico Madrid,True,L,0,1,2,-1,5.0,1.0,2.0,2.0,0.8,1.0,-0.2
1208772,2025-04-11T19:00:00+00:00,140,2024,536,Sevilla,532,Valencia,False,L,0,0,1,-1,4.0,1.0,1.0,3.0,0.8,1.2,-0.4
1208780,2025-04-20T16:30:00+00:00,140,2024,536,Sevilla,542,Alaves,True,D,1,1,1,0,3.0,1.0,0.0,4.0,0.6,1.2,-0.6
1208788,2025-04-24T17:00:00+00:00,140,2024,536,Sevilla,727,Osasuna,False,L,0,0,1,-1,1.0,0.0,1.0,4.0,0.6,1.4,-0.8
1208799,2025-05-04T14:15:00+00:00,140,2024,536,Sevilla,537,Leganes,True,D,1,2,2,0,1.0,0.0,1.0,4.0,0.6,1.4,-0.8
1208803,2025-05-10T14:15:00+00:00,140,2024,536,Sevilla,538,Celta Vigo,False,L,0,2,3,-1,2.0,0.0,2.0,3.0,0.8,1.4,-0.6
1208816,2025-05-13T19:30:00+00:00,140,2024,536,Sevilla,534,Las Palmas,True,W,3,1,0,1,2.0,0.0,2.0,3.0,1.0,1.6,-0.6
1208824,2025-05-18T17:00:00+00:00,140,2024,536,Sevilla,541,Real Madrid,True,L,0,0,2,-2,5.0,1.0,2.0,2.0,1.2,1.4,-0.2
1208835,2025-05-25T14:15:00+00:00,140,2024,536,Sevilla,533,Villarreal,False,L,0,2,4,-2,4.0,1.0,1.0,3.0,1.0,1.6,-0.6
1208502,2024-08-17T17:00:00+00:00,140,2024,537,Leganes,727,Osasuna,False,D,1,1,1,0,,,,,,,
1208509,2024-08-25T17:00:00+00:00,140,2024,537,Leganes,534,Las Palmas,True,W,3,2,1,1,1.0,0.0,1.0,0.0,1.0,1.0,0.0
1208520,2024-08-28T17:00:00+00:00,140,2024,537,Leganes,720,Valladolid,False,D,1,0,0,0,4.0,1.0,1.0,0.0,1.5,1.0,0.5
1208526,2024-08-31T19:30:00+00:00,140,2024,537,Leganes,798,Mallorca,True,L,0,0,1,-1,5.0,1.0,2.0,0.0,1.0,0.6666666666666666,0.3333333333333333
1208531,2024-09-13T19:00:00+00:00,140,2024,537,Leganes,543,Real Betis,False,L,0,0,2,-2,5.0,1.0,2.0,1.0,0.75,0.75,0.0
1208552,2024-09-19T17:00:00+00:00,140,2024,537,Leganes,531,Athletic Club,True,L,0,0,2,-2,5.0,1.0,2.0,2.0,0.6,1.0,-0.4
1208541,2024-09-22T12:00:00+00:00,140,2024,537,Leganes,546,Getafe,False,D,1,1,1,0,4.0,1.0,1.0,3.0,0.4,1.2,-0.8
1208565,2024-09-28T14:15:00+00:00,140,2024,537,Leganes,728,Rayo Vallecano,False,D,1,1,1,0,2.0,0.0,2.0,3.0,0.2,1.2,-1.0
1208569,2024-10-04T19:00:00+00:00,140,2024,537,Leganes,532,Valencia,True,D,1,0,0,0,2.0,0.0,2.0,3.0,0.4,1.4,-1.0
1208575,2024-10-20T14:15:00+00:00,140,2024,537,Leganes,530,Atletico Madrid,False,L,0,1,3,-2,3.0,0.0,3.0,2.0,0.4,1.2,-0.8
1208588,2024-10-27T12:00:00+00:00,140,2024,537,Leganes,538,Celta Vigo,True,W,3,3,0,3,3.0,0.0,3.0,2.0,0.6,1.4,-0.8
1208596,2024-11-02T15:15:00+00:00,140,2024,537,Leganes,547,Girona,False,L,0,3,4,-1,6.0,1.0,3.0,1.0,1.2,1.0,0.2
1208604,2024-11-09T20:00:00+00:00,140,2024,537,Leganes,536,Sevilla,True,W,3,1,0,1,5.0,1.0,2.0,2.0,1.6,1.6,0.0
1208615,2024-11-24T17:30:00+00:00,140,2024,537,Leganes,541,Real Madrid,True,L,0,0,3,-3,7.0,2.0,1.0,2.0,1.6,1.4,0.2
1208622,2024-11-30T15:15:00+00:00,140,2024,537,Leganes,542,Alaves,False,D,1,1,1,0,6.0,2.0,0.0,3.0,1.6,2.0,-0.4
1208634,2024-12-08T13:00:00+00:00,140,2024,537,Leganes,548,Real Sociedad,True,L,0,0,3,-3,7.0,2.0,1.0,2.0,1.6,1.6,0.0
1208639,2024-12-15T20:00:00+00:00,140,2024,537,Leganes,529,Barcelona,False,W,3,1,0,1,4.0,1.0,1.0,3.0,1.0,2.2,-1.2
1208652,2024-12-22T17:30:00+00:00,140,2024,537,Leganes,533,Villarreal,True,L,0,2,5,-3,7.0,2.0,1.0,2.0,0.6,1.4,-0.8
1212928,2025-01-11T17:30:00+00:00,140,2024,537,Leganes,540,Espanyol,False,D,1,1,1,0,4.0,1.0,1.0,3.0,0.8,2.4,-1.6
1208668,2025-01-18T15:15:00+00:00,140,2024,537,Leganes,530,Atletico Madrid,True,W,3,1,0,1,5.0,1.0,2.0,2.0,1.0,2.0,-1.0
1208674,2025-01-26T17:30:00+00:00,140,2024,537,Leganes,531,Athletic Club,False,D,1,0,0,0,7.0,2.0,1.0,2.0,1.0,1.8,-0.8
1208688,2025-01-31T20:00:00+00:00,140,2024,537,Leganes,728,Rayo Vallecano,True,L,0,0,1,-1,8.0,2.0,2.0,1.0,1.0,1.2,-0.2
1208700,2025-02-09T15:15:00+00:00,140,2024,537,Leganes,532,Valencia,False,L,0,0,2,-2,5.0,1.0,2.0,2.0,0.8,1.4,-0.6
1208709,2025-02-15T13:00:00+00:00,140,2024,537,Leganes,542,Alaves,True,D,1,3,3,0,5.0,1.0,2.0,2.0,0.4,0.8,-0.4
1208718,2025-02-23T20:00:00+00:00,140,2024,537,Leganes,548,Real Sociedad,False,L,0,0,3,-3,5.0,1.0,2.0,2.0,0.8,1.2,-0.4
1208725,2025-03-02T13:00:00+00:00,140,2024,537,Leganes,546,Getafe,True,W,3,1,0,1,2.0,0.0,2.0,3.0,0.6,1.8,-1.2
1208731,2025-03-08T13:00:00+00:00,140,2024,537,Leganes,538,Celta Vigo,False,L,0,1,2,-1,4.0,1.0,1.0,3.0,0.8,1.8,-1.0
1208741,2025-03-16T13:00:00+00:00,140,2024,537,Leganes,543,Real Betis,True,L,0,2,3,-1,4.0,1.0,1.0,3.0,1.0,2.0,-1.0
1208754,2025-03-29T20:00:00+00:00,140,2024,537,Leganes,541,Real Madrid,False,L,0,2,3,-1,4.0,1.0,1.0,3.0,1.4,2.2,-0.8
1208758,2025-04-07T19:00:00+00:00,140,2024,537,Leganes,727,Osasuna,True,D,1,1,1,0,3.0,1.0,0.0,4.0,1.2,2.2,-1.0
1208769,2025-04-12T19:00:00+00:00,140,2024,537,Leganes,529,Barcelona,True,L,0,0,1,-1,4.0,1.0,1.0,3.0,1.4,1.8,-0.4
1208781,2025-04-19T16:30:00+00:00,140,2024,537,Leganes,798,Mallorca,False,D,1,0,0,0,1.0,0.0,1.0,4.0,1.2,2.0,-0.8
1208790,2025-04-24T17:00:00+00:00,140,2024,537,Leganes,547,Girona,True,D,1,1,1,0,2.0,0.0,2.0,3.0,1.0,1.6,-0.6
1208799,2025-05-04T14:15:00+00:00,140,2024,537,Leganes,536,Sevilla,False,D,1,2,2,0,3.0,0.0,3.0,2.0,0.8,1.2,-0.4
1212944,2025-05-11T12:00:00+00:00,140,2024,537,Leganes,540,Espanyol,True,W,3,3,2,1,4.0,0.0,4.0,1.0,0.8,1.0,-0.2
1208817,2025-05-14T17:00:00+00:00,140,2024,537,Leganes,533,Villarreal,False,L,0,0,3,-3,6.0,1.0,3.0,1.0,1.2,1.2,0.0
1208826,2025-05-18T17:00:00+00:00,140,2024,537,Leganes,534,Las Palmas,False,W,3,1,0,1,6.0,1.0,3.0,1.0,1.2,1.6,-0.4
1208831,2025-05-24T16:30:00+00:00,140,2024,537,Leganes,720,Valladolid,True,W,3,3,0,3,8.0,2.0,2.0,1.0,1.4,1.6,-0.2
1208501,2024-08-16T17:00:00+00:00,140,2024,538,Celta Vigo,542,Alaves,True,W,3,2,1,1,,,,,,,
1208504,2024-08-23T17:00:00+00:00,140,2024,538,Celta Vigo,532,Valencia,True,W,3,3,1,2,3.0,1.0,0.0,0.0,2.0,1.0,1.0
1208518,2024-08-26T19:30:00+00:00,140,2024,538,Celta Vigo,533,Villarreal,False,L,0,3,4,-1,6.0,2.0,0.0,0.0,2.5,1.0,1.5
1208528,2024-09-01T15:00:00+00:00,140,2024,538,Celta Vigo,727,Osasuna,False,L,0,2,3,-1,6.0,2.0,0.0,1.0,2.6666666666666665,2.0,0.6666666666666666
1208532,2024-09-15T12:00:00+00:00,140,2024,538,Celta Vigo,720,Valladolid,True,W,3,3,1,2,6.0,2.0,0.0,2.0,2.5,2.25,0.25
1208539,2024-09-22T14:15:00+00:00,140,2024,538,Celta Vigo,531,Athletic Club,False,L,0,1,3,-2,9.0,3.0,0.0,2.0,2.6,2.0,0.6
1208553,2024-09-26T19:00:00+00:00,140,2024,538,Celta Vigo,530,Atletico Madrid,True,L,0,0,1,-1,6.0,2.0,0.0,3.0,2.4,2.4,0.0
1208559,2024-09-29T12:00:00+00:00,140,2024,538,Celta Vigo,547,Girona,True,D,1,1,1,0,3.0,1.0,0.0,4.0,1.8,2.4,-0.6
1208573,2024-10-05T16:30:00+00:00,140,2024,538,Celta Vigo,534,Las Palmas,False,W,3,1,0,1,4.0,1.0,1.0,3.0,1.4,1.8,-0.4
1208577,2024-10-19T19:00:00+00:00,140,2024,538,Celta Vigo,541,Real Madrid,True,L,0,1,2,-1,7.0,2.0,1.0,2.0,1.2,1.2,0.0
1208588,2024-10-27T12:00:00+00:00,140,2024,538,Celta Vigo,537,Leganes,False,L,0,0,3,-3,4.0,1.0,1.0,3.0,0.8,1.4,-0.6
1208595,2024-11-04T20:00:00+00:00,140,2024,538,Celta Vigo,546,Getafe,True,W,3,1,0,1,4.0,1.0,1.0,3.0,0.6,1.4,-0.8
1208602,2024-11-10T13:00:00+00:00,140,2024,538,Celta Vigo,543,Real Betis,False,D,1,2,2,0,7.0,2.0,1.0,2.0,0.8,1.2,-0.4
1208616,2024-11-23T20:00:00+00:00,140,2024,538,Celta Vigo,529,Barcelona,True,D,1,2,2,0,7.0,2.0,1.0,2.0,1.0,1.4,-0.4
1212924,2024-11-30T17:30:00+00:00,140,2024,538,Celta Vigo,540,Espanyol,False,L,0,1,3,-2,5.0,1.0,2.0,2.0,1.2,1.8,-0.6
1208631,2024-12-06T20:00:00+00:00,140,2024,538,Celta Vigo,798,Mallorca,True,W,3,2,0,2,5.0,1.0,2.0,2.0,1.2,2.0,-0.8
1208643,2024-12-14T17:30:00+00:00,140,2024,538,Celta Vigo,536,Sevilla,False,L,0,0,1,-1,8.0,2.0,2.0,1.0,1.6,1.4,0.2
1208648,2024-12-21T15:15:00+00:00,140,2024,538,Celta Vigo,548,Real Sociedad,True,W,3,2,0,2,5.0,1.0,2.0,2.0,1.4,1.6,-0.2
1208663,2025-01-10T20:00:00+00:00,140,2024,538,Celta Vigo,728,Rayo Vallecano,False,L,0,1,2,-1,7.0,2.0,1.0,2.0,1.4,1.2,0.2
1208667,2025-01-19T13:00:00+00:00,140,2024,538,Celta Vigo,531,Athletic Club,True,L,0,1,2,-1,6.0,2.0,0.0,3.0,1.2,1.2,0.0
1208678,2025-01-27T20:00:00+00:00,140,2024,538,Celta Vigo,542,Alaves,False,D,1,1,1,0,6.0,2.0,0.0,3.0,1.2,1.0,0.2
1208690,2025-02-02T15:15:00+00:00,140,2024,538,Celta Vigo,532,Valencia,False,L,0,1,2,-1,4.0,1.0,1.0,3.0,1.0,1.2,-0.2
1208699,2025-02-08T13:00:00+00:00,140,2024,538,Celta Vigo,543,Real Betis,True,W,3,3,2,1,4.0,1.0,1.0,3.0,1.2,1.4,-0.2
1208701,2025-02-15T17:30:00+00:00,140,2024,538,Celta Vigo,530,Atletico Madrid,False,D,1,1,1,0,4.0,1.0,1.0,3.0,1.4,1.8,-0.4
1208711,2025-02-21T20:00:00+00:00,140,2024,538,Celta Vigo,727,Osasuna,True,W,3,1,0,1,5.0,1.0,2.0,2.0,1.4,1.6,-0.2
1208724,2025-03-01T13:00:00+00:00,140,2024,538,Celta Vigo,547,Girona,False,D,1,2,2,0,8.0,2.0,2.0,1.0,1.4,1.2,0.2
1208731,2025-03-08T13:00:00+00:00,140,2024,538,Celta Vigo,537,Leganes,True,W,3,2,1,1,8.0,2.0,2.0,1.0,1.6,1.4,0.2
1208742,2025-03-15T13:00:00+00:00,140,2024,538,Celta Vigo,720,Valladolid,False,W,3,1,0,1,11.0,3.0,2.0,0.0,1.8,1.2,0.6
1208749,2025-03-31T19:00:00+00:00,140,2024,538,Celta Vigo,534,Las Palmas,True,D,1,1,1,0,11.0,3.0,2.0,0.0,1.4,0.8,0.6
1208761,2025-04-05T16:30:00+00:00,140,2024,538,Celta Vigo,798,Mallorca,False,W,3,2,1,1,11.0,3.0,2.0,0.0,1.4,0.8,0.6
1212940,2025-04-12T16:30:00+00:00,140,2024,538,Celta Vigo,540,Espanyol,True,L,0,0,2,-2,11.0,3.0,2.0,0.0,1.6,1.0,0.6
1208773,2025-04-19T14:15:00+00:00,140,2024,538,Celta Vigo,529,Barcelona,False,L,0,3,4,-1,10.0,3.0,1.0,1.0,1.2,1.0,0.2
1208786,2025-04-23T17:00:00+00:00,140,2024,538,Celta Vigo,533,Villarreal,True,W,3,3,0,3,7.0,2.0,1.0,2.0,1.4,1.6,-0.2
1208796,2025-05-04T12:00:00+00:00,140,2024,538,Celta Vigo,541,Real Madrid,False,L,0,2,3,-1,7.0,2.0,1.0,2.0,1.8,1.6,0.2
1208803,2025-05-10T14:15:00+00:00,140,2024,538,Celta Vigo,536,Sevilla,True,W,3,3,2,1,6.0,2.0,0.0,3.0,2.0,2.0,0.0
1208813,2025-05-13T18:00:00+00:00,140,2024,538,Celta Vigo,548,Real Sociedad,False,W,3,1,0,1,6.0,2.0,0.0,3.0,2.2,2.2,0.0
1208820,2025-05-18T17:00:00+00:00,140,2024,538,Celta Vigo,728,Rayo Vallecano,True,L,0,1,2,-1,9.0,3.0,0.0,2.0,2.4,1.8,0.6
1208833,2025-05-24T19:00:00+00:00,140,2024,538,Celta Vigo,546,Getafe,False,W,3,2,1,1,9.0,3.0,0.0,2.0,2.0,1.4,0.6
1212910,2024-08-19T17:00:00+00:00,140,2024,540,Espanyol,720,Valladolid,False,L,0,0,1,-1,,,,,,,
1212911,2024-08-24T19:30:00+00:00,140,2024,540,Espanyol,548,Real Sociedad,True,L,0,0,1,-1,0.0,0.0,0.0,1.0,0.0,1.0,-1.0
1212912,2024-08-28T19:30:00+00:00,140,2024,540,Espanyol,530,Atletico Madrid,False,D,1,0,0,0,0.0,0.0,0.0,2.0,0.0,1.0,-1.0
1212913,2024-08-31T17:15:00+00:00,140,2024,540,Espanyol,728,Rayo Vallecano,True,W,3,2,1,1,1.0,0.0,1.0,2.0,0.0,0.6666666666666666,-0.6666666666666666
1212914,2024-09-14T14:15:00+00:00,140,2024,540,Espanyol,542,Alaves,True,W,3,3,2,1,4.0,1.0,1.0,2.0,0.5,0.75,-0.25
1212915,2024-09-21T19:00:00+00:00,140,2024,540,Espanyol,541,Real Madrid,False,L,0,1,4,-3,7.0,2.0,1.0,2.0,1.0,1.0,0.0
1212916,2024-09-26T17:00:00+00:00,140,2024,540,Espanyol,533,Villarreal,True,L,0,1,2,-1,7.0,2.0,1.0,2.0,1.2,1.6,-0.4
1212917,2024-09-29T16:30:00+00:00,140,2024,540,Espanyol,543,Real Betis,False,L,0,0,1,-1,7.0,2.0,1.0,2.0,1.4,1.8,-0.4
1212918,2024-10-05T12:00:00+00:00,140,2024,540,Espanyol,798,Mallorca,True,W,3,2,1,1,6.0,2.0,0.0,3.0,1.4,2.0,-0.6
1212919,2024-10-19T12:00:00+00:00,140,2024,540,Espanyol,531,Athletic Club,False,L,0,1,4,-3,6.0,2.0,0.0,3.0,1.4,2.0,-0.6
1212920,2024-10-25T19:00:00+00:00,140,2024,540,Espanyol,536,Sevilla,True,L,0,0,2,-2,3.0,1.0,0.0,4.0,1.0,2.4,-1.4
1212921,2024-11-03T15:15:00+00:00,140,2024,540,Espanyol,529,Barcelona,False,L,0,1,3,-2,3.0,1.0,0.0,4.0,0.8,2.0,-1.2
1212923,2024-11-23T17:30:00+00:00,140,2024,540,Espanyol,547,Girona,False,L,0,1,4,-3,3.0,1.0,0.0,4.0,0.8,2.2,-1.4
1212924,2024-11-30T17:30:00+00:00,140,2024,540,Espanyol,538,Celta Vigo,True,W,3,3,1,2,3.0,1.0,0.0,4.0,1.0,2.8,-1.8
1212925,2024-12-09T20:00:00+00:00,140,2024,540,Espanyol,546,Getafe,False,L,0,0,1,-1,3.0,1.0,0.0,4.0,1.2,2.8,-1.6
1212926,2024-12-14T13:00:00+00:00,140,2024,540,Espanyol,727,Osasuna,True,D,1,0,0,0,3.0,1.0,0.0,4.0,1.0,2.2,-1.2
1212922,2024-12-18T20:30:00+00:00,140,2024,540,Espanyol,532,Valencia,True,D,1,1,1,0,4.0,1.0,1.0,3.0,1.0,1.8,-0.8
1212927,2024-12-22T17:30:00+00:00,140,2024,540,Espanyol,534,Las Palmas,False,L,0,0,1,-1,5.0,1.0,2.0,2.0,1.0,1.4,-0.4
1212928,2025-01-11T17:30:00+00:00,140,2024,540,Espanyol,537,Leganes,True,D,1,1,1,0,5.0,1.0,2.0,2.0,0.8,0.8,0.0
1212929,2025-01-17T20:00:00+00:00,140,2024,540,Espanyol,720,Valladolid,True,W,3,2,1,1,3.0,0.0,3.0,2.0,0.4,0.8,-0.4
1212930,2025-01-25T17:30:00+00:00,140,2024,540,Espanyol,536,Sevilla,False,D,1,1,1,0,6.0,1.0,3.0,1.0,0.8,0.8,0.0
1212931,2025-02-01T20:00:00+00:00,140,2024,540,Espanyol,541,Real Madrid,True,W,3,1,0,1,6.0,1.0,3.0,1.0,1.0,1.0,0.0
1212932,2025-02-09T17:30:00+00:00,140,2024,540,Espanyol,548,Real Sociedad,False,L,0,1,2,-1,8.0,2.0,2.0,1.0,1.0,0.8,0.2
1212933,2025-02-16T13:00:00+00:00,140,2024,540,Espanyol,531,Athletic Club,True,D,1,1,1,0,8.0,2.0,2.0,1.0,1.2,1.0,0.2
1212934,2025-02-22T13:00:00+00:00,140,2024,540,Espanyol,542,Alaves,False,W,3,1,0,1,8.0,2.0,2.0,1.0,1.2,1.0,0.2
1212936,2025-03-10T20:00:00+00:00,140,2024,540,Espanyol,547,Girona,True,D,1,1,1,0,8.0,2.0,2.0,1.0,1.0,0.8,0.2
1212937,2025-03-15T15:15:00+00:00,140,2024,540,Espanyol,798,Mallorca,False,L,0,1,2,-1,8.0,2.0,2.0,1.0,1.0,0.8,0.2
1212938,2025-03-29T15:15:00+00:00,140,2024,540,Espanyol,530,Atletico Madrid,True,D,1,1,1,0,5.0,1.0,2.0,2.0,1.0,1.2,-0.2
1212939,2025-04-04T19:00:00+00:00,140,2024,540,Espanyol,728,Rayo Vallecano,False,W,3,4,0,4,6.0,1.0,3.0,1.0,1.0,1.0,0.0
1212940,2025-04-12T16:30:00+00:00,140,2024,540,Espanyol,538,Celta Vigo,False,W,3,2,0,2,8.0,2.0,2.0,1.0,1.6,0.8,0.8
1212941,2025-04-18T19:00:00+00:00,140,2024,540,Espanyol,546,Getafe,True,W,3,1,0,1,8.0,2.0,2.0,1.0,1.8,0.8,1.0
1212942,2025-04-22T17:00:00+00:00,140,2024,540,Espanyol,532,Valencia,False,D,1,1,1,0,10.0,3.0,1.0,1.0,1.8,0.6,1.2
1212935,2025-04-27T14:15:00+00:00,140,2024,540,Espanyol,533,Villarreal,False,L,0,0,1,-1,11.0,3.0,2.0,0.0,1.8,0.4,1.4
1212943,2025-05-04T16:30:00+00:00,140,2024,540,Espanyol,543,Real Betis,True,L,0,1,2,-1,10.0,3.0,1.0,1.0,1.6,0.4,1.2
1212944,2025-05-11T12:00:00+00:00,140,2024,540,Espanyol,537,Leganes,False,L,0,2,3,-1,7.0,2.0,1.0,2.0,1.0,0.8,0.2
1212945,2025-05-15T19:30:00+00:00,140,2024,540,Espanyol,529,Barcelona,True,L,0,0,2,-2,4.0,1.0,1.0,3.0,1.0,1.4,-0.4
1212946,2025-05-18T17:00:00+00:00,140,2024,540,Espanyol,727,Osasuna,False,L,0,0,2,-2,1.0,0.0,1.0,4.0,0.8,1.8,-1.0
1212947,2025-05-24T16:30:00+00:00,140,2024,540,Espanyol,534,Las Palmas,True,W,3,2,0,2,0.0,0.0,0.0,5.0,0.6,2.0,-1.4
1208496,2024-08-18T19:30:00+00:00,140,2024,541,Real Madrid,798,Mallorca,False,D,1,1,1,0,,,,,,,
1208506,2024-08-25T15:00:00+00:00,140,2024,541,Real Madrid,720,Valladolid,True,W,3,3,0,3,1.0,0.0,1.0,0.0,1.0,1.0,0.0
1208516,2024-08-29T19:30:00+00:00,140,2024,541,Real Madrid,534,Las Palmas,False,D,1,1,1,0,4.0,1.0,1.0,0.0,2.0,0.5,1.5
1208527,2024-09-01T19:30:00+00:00,140,2024,541,Real Madrid,543,Real Betis,True,W,3,2,0,2,5.0,1.0,2.0,0.0,1.6666666666666667,0.6666666666666666,1.0
1208538,2024-09-14T19:00:00+00:00,140,2024,541,Real Madrid,548,Real Sociedad,False,W,3,2,0,2,8.0,2.0,2.0,0.0,1.75,0.5,1.25
1212915,2024-09-21T19:00:00+00:00,140,2024,541,Real Madrid,540,Espanyol,True,W,3,4,1,3,11.0,3.0,2.0,0.0,1.8,0.4,1.4
1208556,2024-09-24T19:00:00+00:00,140,2024,541,Real Madrid,542,Alaves,True,W,3,3,2,1,13.0,4.0,1.0,0.0,2.4,0.4,2.0
1208558,2024-09-29T19:00:00+00:00,140,2024,541,Real Madrid,530,Atletico Madrid,False,D,1,1,1,0,13.0,4.0,1.0,0.0,2.4,0.8,1.6
1208567,2024-10-05T19:00:00+00:00,140,2024,541,Real Madrid,533,Villarreal,True,W,3,2,0,2,13.0,4.0,1.0,0.0,2.4,0.8,1.6
1208577,2024-10-19T19:00:00+00:00,140,2024,541,Real Madrid,538,Celta Vigo,False,W,3,2,1,1,13.0,4.0,1.0,0.0,2.4,0.8,1.6
1208587,2024-10-26T19:00:00+00:00,140,2024,541,Real Madrid,529,Barcelona,True,L,0,0,4,-4,13.0,4.0,1.0,0.0,2.4,1.0,1.4
1208608,2024-11-09T13:00:00+00:00,140,2024,541,Real Madrid,727,Osasuna,True,W,3,4,0,4,10.0,3.0,1.0,1.0,1.6,1.6,0.0
1208615,2024-11-24T17:30:00+00:00,140,2024,541,Real Madrid,537,Leganes,False,W,3,3,0,3,10.0,3.0,1.0,1.0,1.8,1.2,0.6
1208626,2024-12-01T15:15:00+00:00,140,2024,541,Real Madrid,546,Getafe,True,W,3,2,0,2,12.0,4.0,0.0,1.0,2.2,1.0,1.2
1208656,2024-12-04T20:00:00+00:00,140,2024,541,Real Madrid,531,Athletic Club,False,L,0,1,2,-1,12.0,4.0,0.0,1.0,2.2,1.0,1.2
1208632,2024-12-07T20:00:00+00:00,140,2024,541,Real Madrid,547,Girona,False,W,3,3,0,3,9.0,3.0,0.0,2.0,2.0,1.2,0.8
1208640,2024-12-14T20:00:00+00:00,140,2024,541,Real Madrid,728,Rayo Vallecano,False,D,1,3,3,0,12.0,4.0,0.0,1.0,2.6,0.4,2.2
1208651,2024-12-22T15:15:00+00:00,140,2024,541,Real Madrid,536,Sevilla,True,W,3,4,2,2,10.0,3.0,1.0,1.0,2.4,1.0,1.4
1208600,2025-01-03T20:00:00+00:00,140,2024,541,Real Madrid,532,Valencia,False,W,3,2,1,1,10.0,3.0,1.0,1.0,2.6,1.4,1.2
1208672,2025-01-19T15:15:00+00:00,140,2024,541,Real Madrid,534,Las Palmas,True,W,3,4,1,3,10.0,3.0,1.0,1.0,2.6,1.6,1.0
1208682,2025-01-25T20:00:00+00:00,140,2024,541,Real Madrid,720,Valladolid,False,W,3,3,0,3,13.0,4.0,1.0,0.0,3.2,1.4,1.8
1212931,2025-02-01T20:00:00+00:00,140,2024,541,Real Madrid,540,Espanyol,False,L,0,0,1,-1,13.0,4.0,1.0,0.0,3.2,1.4,1.8
1208697,2025-02-08T20:00:00+00:00,140,2024,541,Real Madrid,530,Atletico Madrid,True,D,1,1,1,0,12.0,4.0,0.0,1.0,2.6,1.0,1.6
1208704,2025-02-15T15:15:00+00:00,140,2024,541,Real Madrid,727,Osasuna,False,D,1,1,1,0,10.0,3.0,1.0,1.0,2.0,0.8,1.2
1208716,2025-02-23T15:15:00+00:00,140,2024,541,Real Madrid,547,Girona,True,W,3,2,0,2,8.0,2.0,2.0,1.0,1.8,0.8,1.0
1208720,2025-03-01T17:30:00+00:00,140,2024,541,Real Madrid,543,Real Betis,False,L,0,1,2,-1,8.0,2.0,2.0,1.0,1.4,0.6,0.8
1208736,2025-03-09T15:15:00+00:00,140,2024,541,Real Madrid,728,Rayo Vallecano,True,W,3,2,1,1,5.0,1.0,2.0,2.0,1.0,1.0,0.0
1208744,2025-03-15T17:30:00+00:00,140,2024,541,Real Madrid,533,Villarreal,False,W,3,2,1,1,8.0,2.0,2.0,1.0,1.4,1.0,0.4
1208754,2025-03-29T20:00:00+00:00,140,2024,541,Real Madrid,537,Leganes,True,W,3,3,2,1,10.0,3.0,1.0,1.0,1.6,1.0,0.6
1208756,2025-04-05T14:15:00+00:00,140,2024,541,Real Madrid,532,Valencia,True,L,0,1,2,-1,12.0,4.0,0.0,1.0,2.0,1.2,0.8
1208768,2025-04-13T14:15:00+00:00,140,2024,541,Real Madrid,542,Alaves,False,W,3,1,0,1,9.0,3.0,0.0,2.0,1.8,1.6,0.2
1208775,2025-04-20T19:00:00+00:00,140,2024,541,Real Madrid,531,Athletic Club,True,W,3,1,0,1,12.0,4.0,0.0,1.0,1.8,1.2,0.6
1208787,2025-04-23T19:30:00+00:00,140,2024,541,Real Madrid,546,Getafe,False,W,3,1,0,1,12.0,4.0,0.0,1.0,1.6,1.0,0.6
1208796,2025-05-04T12:00:00+00:00,140,2024,541,Real Madrid,538,Celta Vigo,True,W,3,3,2,1,12.0,4.0,0.0,1.0,1.4,0.8,0.6
1208801,2025-05-11T14:15:00+00:00,140,2024,541,Real Madrid,529,Barcelona,False,L,0,3,4,-1,12.0,4.0,0.0,1.0,1.4,0.8,0.6
1208815,2025-05-14T19:30:00+00:00,140,2024,541,Real Madrid,798,Mallorca,True,W,3,2,1,1,12.0,4.0,0.0,1.0,1.8,1.2,0.6
1208824,2025-05-18T17:00:00+00:00,140,2024,541,Real Madrid,536,Sevilla,False,W,3,2,0,2,12.0,4.0,0.0,1.0,2.0,1.4,0.6
1208829,2025-05-24T14:15:00+00:00,140,2024,541,Real Madrid,548,Real Sociedad,True,W,3,2,0,2,12.0,4.0,0.0,1.0,2.2,1.4,0.8
1208501,2024-08-16T17:00:00+00:00,140,2024,542,Alaves,538,Celta Vigo,False,L,0,1,2,-1,,,,,,,
1208508,2024-08-25T17:15:00+00:00,140,2024,542,Alaves,543,Real Betis,True,D,1,0,0,0,0.0,0.0,0.0,1.0,1.0,2.0,-1.0
1208519,2024-08-28T19:30:00+00:00,140,2024,542,Alaves,548,Real Sociedad,False,W,3,2,1,1,1.0,0.0,1.0,1.0,0.5,1.0,-0.5
1208525,2024-09-01T15:00:00+00:00,140,2024,542,Alaves,534,Las Palmas,True,W,3,2,0,2,4.0,1.0,1.0,1.0,1.0,1.0,0.0
1212914,2024-09-14T14:15:00+00:00,140,2024,542,Alaves,540,Espanyol,False,L,0,2,3,-1,7.0,2.0,1.0,1.0,1.25,0.75,0.5
1208542,2024-09-20T19:00:00+00:00,140,2024,542,Alaves,536,Sevilla,True,W,3,2,1,1,7.0,2.0,1.0,2.0,1.4,1.2,0.2
1208556,2024-09-24T19:00:00+00:00,140,2024,542,Alaves,541,Real Madrid,False,L,0,2,3,-1,10.0,3.0,1.0,1.0,1.6,1.0,0.6
1208564,2024-09-28T12:00:00+00:00,140,2024,542,Alaves,546,Getafe,False,L,0,0,2,-2,9.0,3.0,0.0,2.0,2.0,1.6,0.4
1208568,2024-10-06T14:15:00+00:00,140,2024,542,Alaves,529,Barcelona,True,L,0,0,3,-3,6.0,2.0,0.0,3.0,1.6,1.8,-0.2
1208580,2024-10-18T19:00:00+00:00,140,2024,542,Alaves,720,Valladolid,True,L,0,2,3,-1,3.0,1.0,0.0,4.0,1.2,2.4,-1.2
1208592,2024-10-26T14:15:00+00:00,140,2024,542,Alaves,728,Rayo Vallecano,False,L,0,0,1,-1,3.0,1.0,0.0,4.0,1.2,2.4,-1.2
1208598,2024-11-01T20:00:00+00:00,140,2024,542,Alaves,798,Mallorca,True,W,3,1,0,1,0.0,0.0,0.0,5.0,0.8,2.4,-1.6
1208610,2024-11-09T15:15:00+00:00,140,2024,542,Alaves,533,Villarreal,False,L,0,0,3,-3,3.0,1.0,0.0,4.0,0.6,1.8,-1.2
1208619,2024-11-23T15:15:00+00:00,140,2024,542,Alaves,530,Atletico Madrid,False,L,0,1,2,-1,3.0,1.0,0.0,4.0,0.6,2.0,-1.4
1208622,2024-11-30T15:15:00+00:00,140,2024,542,Alaves,537,Leganes,True,D,1,1,1,0,3.0,1.0,0.0,4.0,0.8,1.8,-1.0
1208637,2024-12-08T17:30:00+00:00,140,2024,542,Alaves,727,Osasuna,False,D,1,2,2,0,4.0,1.0,1.0,3.0,0.6,1.4,-0.8
1208641,2024-12-15T15:15:00+00:00,140,2024,542,Alaves,531,Athletic Club,True,D,1,1,1,0,5.0,1.0,2.0,2.0,1.0,1.6,-0.6
1208655,2024-12-22T13:00:00+00:00,140,2024,542,Alaves,532,Valencia,False,D,1,2,2,0,3.0,0.0,3.0,2.0,1.0,1.8,-0.8
1208660,2025-01-11T13:00:00+00:00,140,2024,542,Alaves,547,Girona,True,L,0,0,1,-1,4.0,0.0,4.0,1.0,1.4,1.6,-0.2
1208673,2025-01-18T17:30:00+00:00,140,2024,542,Alaves,543,Real Betis,False,W,3,3,1,2,4.0,0.0,4.0,1.0,1.2,1.4,-0.2
1208678,2025-01-27T20:00:00+00:00,140,2024,542,Alaves,538,Celta Vigo,True,D,1,1,1,0,6.0,1.0,3.0,1.0,1.6,1.4,0.2
1208691,2025-02-02T13:00:00+00:00,140,2024,542,Alaves,529,Barcelona,False,L,0,0,1,-1,6.0,1.0,3.0,1.0,1.4,1.2,0.2
1208696,2025-02-09T13:00:00+00:00,140,2024,542,Alaves,546,Getafe,True,L,0,0,1,-1,5.0,1.0,2.0,2.0,1.2,1.2,0.0
1208709,2025-02-15T13:00:00+00:00,140,2024,542,Alaves,537,Leganes,False,D,1,3,3,0,4.0,1.0,1.0,3.0,0.8,1.0,-0.2
1212934,2025-02-22T13:00:00+00:00,140,2024,542,Alaves,540,Espanyol,True,L,0,0,1,-1,5.0,1.0,2.0,2.0,1.4,1.4,0.0
1208727,2025-03-02T17:30:00+00:00,140,2024,542,Alaves,798,Mallorca,False,D,1,1,1,0,2.0,0.0,2.0,3.0,0.8,1.4,-0.6
1208734,2025-03-08T15:15:00+00:00,140,2024,542,Alaves,533,Villarreal,True,W,3,1,0,1,2.0,0.0,2.0,3.0,0.8,1.4,-0.6
1208745,2025-03-14T20:00:00+00:00,140,2024,542,Alaves,534,Las Palmas,False,D,1,2,2,0,5.0,1.0,2.0,2.0,1.0,1.2,-0.2
1208752,2025-03-29T17:30:00+00:00,140,2024,542,Alaves,728,Rayo Vallecano,True,L,0,0,2,-2,6.0,1.0,3.0,1.0,1.4,1.4,0.0
1208763,2025-04-05T12:00:00+00:00,140,2024,542,Alaves,547,Girona,False,W,3,1,0,1,5.0,1.0,2.0,2.0,0.8,1.2,-0.4
1208768,2025-04-13T14:15:00+00:00,140,2024,542,Alaves,541,Real Madrid,True,L,0,0,1,-1,8.0,2.0,2.0,1.0,1.0,1.0,0.0
1208780,2025-04-20T16:30:00+00:00,140,2024,542,Alaves,536,Sevilla,False,D,1,1,1,0,7.0,2.0,1.0,2.0,0.8,1.0,-0.2
1208789,2025-04-23T19:30:00+00:00,140,2024,542,Alaves,548,Real Sociedad,True,W,3,1,0,1,5.0,1.0,2.0,2.0,0.8,1.2,-0.4
1208793,2025-05-03T12:00:00+00:00,140,2024,542,Alaves,530,Atletico Madrid,True,D,1,0,0,0,7.0,2.0,1.0,2.0,0.6,0.8,-0.2
1208808,2025-05-11T16:30:00+00:00,140,2024,542,Alaves,531,Athletic Club,False,L,0,0,1,-1,8.0,2.0,2.0,1.0,0.6,0.4,0.2
1208809,2025-05-14T17:00:00+00:00,140,2024,542,Alaves,532,Valencia,True,W,3,1,0,1,5.0,1.0,2.0,2.0,0.4,0.6,-0.2
1208825,2025-05-18T17:00:00+00:00,140,2024,542,Alaves,720,Valladolid,False,W,3,1,0,1,8.0,2.0,2.0,1.0,0.6,0.4,0.2
1208830,2025-05-24T19:00:00+00:00,140,2024,542,Alaves,727,Osasuna,True,D,1,1,1,0,10.0,3.0,1.0,1.0,0.6,0.2,0.4
1208495,2024-08-15T19:30:00+00:00,140,2024,543,Real Betis,547,Girona,True,D,1,1,1,0,,,,,,,
1208508,2024-08-25T17:15:00+00:00,140,2024,543,Real Betis,542,Alaves,False,D,1,0,0,0,1.0,0.0,1.0,0.0,1.0,1.0,0.0
1208527,2024-09-01T19:30:00+00:00,140,2024,543,Real Betis,541,Real Madrid,False,L,0,0,2,-2,2.0,0.0,2.0,0.0,0.5,0.5,0.0
1208531,2024-09-13T19:00:00+00:00,140,2024,543,Real Betis,537,Leganes,True,W,3,2,0,2,2.0,0.0,2.0,1.0,0.3333333333333333,1.0,-0.6666666666666666
1208513,2024-09-18T17:00:00+00:00,140,2024,543,Real Betis,546,Getafe,True,W,3,2,1,1,5.0,1.0,2.0,1.0,0.75,0.75,0.0
1208540,2024-09-23T19:00:00+00:00,140,2024,543,Real Betis,798,Mallorca,True,L,0,1,2,-1,8.0,2.0,2.0,1.0,1.0,0.8,0.2
1208554,2024-09-26T17:00:00+00:00,140,2024,543,Real Betis,534,Las Palmas,False,D,1,1,1,0,7.0,2.0,1.0,2.0,1.0,1.0,0.0
1212917,2024-09-29T16:30:00+00:00,140,2024,543,Real Betis,540,Espanyol,True,W,3,1,0,1,7.0,2.0,1.0,2.0,1.2,1.2,0.0
1208572,2024-10-06T16:30:00+00:00,140,2024,543,Real Betis,536,Sevilla,False,L,0,0,1,-1,10.0,3.0,1.0,1.0,1.4,0.8,0.6
1208581,2024-10-19T14:15:00+00:00,140,2024,543,Real Betis,727,Osasuna,False,W,3,2,1,1,7.0,2.0,1.0,2.0,1.0,1.0,0.0
1208586,2024-10-27T16:30:00+00:00,140,2024,543,Real Betis,530,Atletico Madrid,True,W,3,1,0,1,7.0,2.0,1.0,2.0,1.0,1.0,0.0
1208593,2024-11-03T20:00:00+00:00,140,2024,543,Real Betis,531,Athletic Club,False,D,1,1,1,0,10.0,3.0,1.0,1.0,1.0,0.6,0.4
1208602,2024-11-10T13:00:00+00:00,140,2024,543,Real Betis,538,Celta Vigo,True,D,1,2,2,0,10.0,3.0,1.0,1.0,1.0,0.6,0.4
1208617,2024-11-23T13:00:00+00:00,140,2024,543,Real Betis,532,Valencia,False,L,0,2,4,-2,8.0,2.0,2.0,1.0,1.2,1.0,0.2
1208625,2024-12-01T20:00:00+00:00,140,2024,543,Real Betis,548,Real Sociedad,False,L,0,0,2,-2,8.0,2.0,2.0,1.0,1.6,1.6,0.0
1208635,2024-12-07T15:15:00+00:00,140,2024,543,Real Betis,529,Barcelona,True,D,1,2,2,0,5.0,1.0,2.0,2.0,1.2,1.8,-0.6
1208642,2024-12-15T17:30:00+00:00,140,2024,543,Real Betis,533,Villarreal,False,W,3,2,1,1,3.0,0.0,3.0,2.0,1.4,2.2,-0.8
1208647,2024-12-22T20:00:00+00:00,140,2024,543,Real Betis,728,Rayo Vallecano,True,D,1,1,1,0,5.0,1.0,2.0,2.0,1.6,2.2,-0.6
1208662,2025-01-11T15:15:00+00:00,140,2024,543,Real Betis,720,Valladolid,False,L,0,0,1,-1,5.0,1.0,2.0,2.0,1.4,2.0,-0.6
1208673,2025-01-18T17:30:00+00:00,140,2024,543,Real Betis,542,Alaves,True,L,0,1,3,-2,5.0,1.0,2.0,2.0,1.0,1.4,-0.4
1208679,2025-01-25T13:00:00+00:00,140,2024,543,Real Betis,798,Mallorca,False,W,3,1,0,1,5.0,1.0,2.0,2.0,1.2,1.6,-0.4
1208689,2025-02-02T20:00:00+00:00,140,2024,543,Real Betis,531,Athletic Club,True,D,1,2,2,0,7.0,2.0,1.0,2.0,1.0,1.2,-0.2
1208699,2025-02-08T13:00:00+00:00,140,2024,543,Real Betis,538,Celta Vigo,False,L,0,2,3,-1,5.0,1.0,2.0,2.0,1.0,1.4,-0.4
1208703,2025-02-16T20:00:00+00:00,140,2024,543,Real Betis,548,Real Sociedad,True,W,3,3,0,3,4.0,1.0,1.0,3.0,1.2,1.8,-0.6
1208715,2025-02-23T17:30:00+00:00,140,2024,543,Real Betis,546,Getafe,False,W,3,2,1,1,7.0,2.0,1.0,2.0,1.8,1.6,0.2
1208720,2025-03-01T17:30:00+00:00,140,2024,543,Real Betis,541,Real Madrid,True,W,3,2,1,1,10.0,3.0,1.0,1.0,2.0,1.2,0.8
1208730,2025-03-09T17:30:00+00:00,140,2024,543,Real Betis,534,Las Palmas,True,W,3,1,0,1,10.0,3.0,1.0,1.0,2.2,1.4,0.8
1208741,2025-03-16T13:00:00+00:00,140,2024,543,Real Betis,537,Leganes,False,W,3,3,2,1,12.0,4.0,0.0,1.0,2.0,1.0,1.0
1208748,2025-03-30T19:00:00+00:00,140,2024,543,Real Betis,536,Sevilla,True,W,3,2,1,1,15.0,5.0,0.0,0.0,2.2,0.8,1.4
1208755,2025-04-05T19:00:00+00:00,140,2024,543,Real Betis,529,Barcelona,False,D,1,1,1,0,15.0,5.0,0.0,0.0,2.0,1.0,1.0
1208766,2025-04-13T16:30:00+00:00,140,2024,543,Real Betis,533,Villarreal,True,L,0,1,2,-1,13.0,4.0,1.0,0.0,1.8,1.0,0.8
1208777,2025-04-21T19:00:00+00:00,140,2024,543,Real Betis,547,Girona,False,W,3,3,1,2,10.0,3.0,1.0,1.0,1.6,1.2,0.4
1208785,2025-04-24T19:30:00+00:00,140,2024,543,Real Betis,720,Valladolid,True,W,3,5,1,4,10.0,3.0,1.0,1.0,2.0,1.4,0.6
1212943,2025-05-04T16:30:00+00:00,140,2024,543,Real Betis,540,Espanyol,False,W,3,2,1,1,10.0,3.0,1.0,1.0,2.4,1.2,1.2
1208802,2025-05-11T19:00:00+00:00,140,2024,543,Real Betis,727,Osasuna,True,D,1,1,1,0,10.0,3.0,1.0,1.0,2.4,1.2,1.2
1208812,2025-05-15T17:00:00+00:00,140,2024,543,Real Betis,728,Rayo Vallecano,False,D,1,2,2,0,10.0,3.0,1.0,1.0,2.4,1.2,1.2
1208818,2025-05-18T17:00:00+00:00,140,2024,543,Real Betis,530,Atletico Madrid,False,L,0,1,4,-3,11.0,3.0,2.0,0.0,2.6,1.2,1.4
1208828,2025-05-23T19:00:00+00:00,140,2024,543,Real Betis,532,Valencia,True,D,1,1,1,0,8.0,2.0,2.0,1.0,2.2,1.8,0.4
1208494,2024-08-15T17:00:00+00:00,140,2024,546,Getafe,531,Athletic Club,False,D,1,1,1,0,,,,,,,
1208505,2024-08-24T19:30:00+00:00,140,2024,546,Getafe,728,Rayo Vallecano,True,D,1,0,0,0,1.0,0.0,1.0,0.0,1.0,1.0,0.0
1208523,2024-09-01T17:15:00+00:00,140,2024,546,Getafe,548,Real Sociedad,True,D,1,0,0,0,2.0,0.0,2.0,0.0,0.5,0.5,0.0
1208536,2024-09-14T16:30:00+00:00,140,2024,546,Getafe,536,Sevilla,False,L,0,0,1,-1,3.0,0.0,3.0,0.0,0.3333333333333333,0.3333333333333333,0.0
1208513,2024-09-18T17:00:00+00:00,140,2024,546,Getafe,543,Real Betis,False,L,0,1,2,-1,3.0,0.0,3.0,1.0,0.25,0.5,-0.25
1208541,2024-09-22T12:00:00+00:00,140,2024,546,Getafe,537,Leganes,True,D,1,1,1,0,3.0,0.0,3.0,2.0,0.4,0.8,-0.4
1208548,2024-09-25T19:00:00+00:00,140,2024,546,Getafe,529,Barcelona,False,L,0,0,1,-1,3.0,0.0,3.0,2.0,0.4,0.8,-0.4
1208564,2024-09-28T12:00:00+00:00,140,2024,546,Getafe,542,Alaves,True,W,3,2,0,2,2.0,0.0,2.0,3.0,0.4,1.0,-0.6
1208566,2024-10-05T14:15:00+00:00,140,2024,546,Getafe,727,Osasuna,True,D,1,1,1,0,4.0,1.0,1.0,3.0,0.8,1.0,-0.2
1208582,2024-10-20T16:30:00+00:00,140,2024,546,Getafe,533,Villarreal,False,D,1,1,1,0,5.0,1.0,2.0,2.0,1.0,1.0,0.0
1208584,2024-10-27T14:15:00+00:00,140,2024,546,Getafe,532,Valencia,True,D,1,1,1,0,6.0,1.0,3.0,1.0,1.0,0.8,0.2
1208595,2024-11-04T20:00:00+00:00,140,2024,546,Getafe,538,Celta Vigo,False,L,0,0,1,-1,6.0,1.0,3.0,1.0,1.0,0.8,0.2
1208603,2024-11-10T17:30:00+00:00,140,2024,546,Getafe,547,Girona,True,L,0,0,1,-1,6.0,1.0,3.0,1.0,1.0,0.8,0.2
1208612,2024-11-22T20:00:00+00:00,140,2024,546,Getafe,720,Valladolid,True,W,3,2,0,2,3.0,0.0,3.0,2.0,0.6,1.0,-0.4
1208626,2024-12-01T15:15:00+00:00,140,2024,546,Getafe,541,Real Madrid,False,L,0,0,2,-2,5.0,1.0,2.0,2.0,0.8,0.8,0.0
1212925,2024-12-09T20:00:00+00:00,140,2024,546,Getafe,540,Espanyol,True,W,3,1,0,1,4.0,1.0,1.0,3.0,0.6,1.0,-0.4
1208638,2024-12-15T13:00:00+00:00,140,2024,546,Getafe,530,Atletico Madrid,False,L,0,0,1,-1,6.0,2.0,0.0,3.0,0.6,0.8,-0.2
1208649,2024-12-21T13:00:00+00:00,140,2024,546,Getafe,798,Mallorca,True,L,0,0,1,-1,6.0,2.0,0.0,3.0,0.6,0.8,-0.2
1208664,2025-01-12T13:00:00+00:00,140,2024,546,Getafe,534,Las Palmas,False,W,3,2,1,1,6.0,2.0,0.0,3.0,0.6,0.8,-0.2
1208669,2025-01-18T20:00:00+00:00,140,2024,546,Getafe,529,Barcelona,True,D,1,1,1,0,6.0,2.0,0.0,3.0,0.6,1.0,-0.4
1208680,2025-01-26T15:15:00+00:00,140,2024,546,Getafe,548,Real Sociedad,False,W,3,3,0,3,7.0,2.0,1.0,2.0,0.8,0.8,0.0
1208684,2025-02-01T13:00:00+00:00,140,2024,546,Getafe,536,Sevilla,True,D,1,0,0,0,7.0,2.0,1.0,2.0,1.2,0.8,0.4
1208696,2025-02-09T13:00:00+00:00,140,2024,546,Getafe,542,Alaves,False,W,3,1,0,1,8.0,2.0,2.0,1.0,1.2,0.6,0.6
1208705,2025-02-14T20:00:00+00:00,140,2024,546,Getafe,547,Girona,False,W,3,2,1,1,11.0,3.0,2.0,0.0,1.4,0.4,1.0
1208715,2025-02-23T17:30:00+00:00,140,2024,546,Getafe,543,Real Betis,True,L,0,1,2,-1,11.0,3.0,2.0,0.0,1.4,0.4,1.0
1208725,2025-03-02T13:00:00+00:00,140,2024,546,Getafe,537,Leganes,False,L,0,0,1,-1,10.0,3.0,1.0,1.0,1.4,0.6,0.8
1208735,2025-03-09T13:00:00+00:00,140,2024,546,Getafe,530,Atletico Madrid,True,W,3,2,1,1,7.0,2.0,1.0,2.0,0.8,0.8,0.0
1208743,2025-03-16T17:30:00+00:00,140,2024,546,Getafe,727,Osasuna,False,W,3,2,1,1,9.0,3.0,0.0,2.0,1.2,1.0,0.2
1208750,2025-03-30T12:00:00+00:00,140,2024,546,Getafe,533,Villarreal,True,L,0,1,2,-1,9.0,3.0,0.0,2.0,1.4,1.2,0.2
1208762,2025-04-06T16:30:00+00:00,140,2024,546,Getafe,720,Valladolid,False,W,3,4,0,4,6.0,2.0,0.0,3.0,1.2,1.4,-0.2
1208767,2025-04-12T14:15:00+00:00,140,2024,546,Getafe,534,Las Palmas,True,L,0,1,3,-2,9.0,3.0,0.0,2.0,1.8,1.0,0.8
1212941,2025-04-18T19:00:00+00:00,140,2024,546,Getafe,540,Espanyol,False,L,0,0,1,-1,9.0,3.0,0.0,2.0,2.0,1.4,0.6
1208787,2025-04-23T19:30:00+00:00,140,2024,546,Getafe,541,Real Madrid,True,L,0,0,1,-1,6.0,2.0,0.0,3.0,1.6,1.4,0.2
1208797,2025-05-02T19:00:00+00:00,140,2024,546,Getafe,728,Rayo Vallecano,False,L,0,0,1,-1,3.0,1.0,0.0,4.0,1.2,1.4,-0.2
1208807,2025-05-10T12:00:00+00:00,140,2024,546,Getafe,532,Valencia,False,L,0,0,3,-3,3.0,1.0,0.0,4.0,1.0,1.2,-0.2
1208810,2025-05-15T19:30:00+00:00,140,2024,546,Getafe,531,Athletic Club,True,L,0,0,2,-2,0.0,0.0,0.0,5.0,0.2,1.8,-1.6
1208822,2025-05-18T17:00:00+00:00,140,2024,546,Getafe,798,Mallorca,False,W,3,2,1,1,0.0,0.0,0.0,5.0,0.0,1.6,-1.6
1208833,2025-05-24T19:00:00+00:00,140,2024,546,Getafe,538,Celta Vigo,True,L,0,1,2,-1,3.0,1.0,0.0,4.0,0.4,1.6,-1.2
1208495,2024-08-15T19:30:00+00:00,140,2024,547,Girona,543,Real Betis,False,D,1,1,1,0,,,,,,,
1208503,2024-08-25T19:30:00+00:00,140,2024,547,Girona,530,Atletico Madrid,False,L,0,0,3,-3,1.0,0.0,1.0,0.0,1.0,1.0,0.0
1208514,2024-08-29T17:00:00+00:00,140,2024,547,Girona,727,Osasuna,True,W,3,4,0,4,1.0,0.0,1.0,1.0,0.5,2.0,-1.5
1208529,2024-09-01T17:00:00+00:00,140,2024,547,Girona,536,Sevilla,False,W,3,2,0,2,4.0,1.0,1.0,1.0,1.6666666666666667,1.3333333333333333,0.3333333333333333
1208535,2024-09-15T14:15:00+00:00,140,2024,547,Girona,529,Barcelona,True,L,0,1,4,-3,7.0,2.0,1.0,1.0,1.75,1.0,0.75
1208545,2024-09-21T16:30:00+00:00,140,2024,547,Girona,532,Valencia,False,L,0,0,2,-2,7.0,2.0,1.0,2.0,1.6,1.6,0.0
1208549,2024-09-25T17:00:00+00:00,140,2024,547,Girona,728,Rayo Vallecano,True,D,1,0,0,0,6.0,2.0,0.0,3.0,1.4,1.8,-0.4
1208559,2024-09-29T12:00:00+00:00,140,2024,547,Girona,538,Celta Vigo,False,D,1,1,1,0,7.0,2.0,1.0,2.0,1.4,1.2,0.2
1208570,2024-10-06T12:00:00+00:00,140,2024,547,Girona,531,Athletic Club,True,W,3,2,1,1,5.0,1.0,2.0,2.0,0.8,1.4,-0.6
1208578,2024-10-19T16:30:00+00:00,140,2024,547,Girona,548,Real Sociedad,True,L,0,0,1,-1,5.0,1.0,2.0,2.0,0.8,1.6,-0.8
1208589,2024-10-26T16:30:00+00:00,140,2024,547,Girona,534,Las Palmas,False,L,0,0,1,-1,5.0,1.0,2.0,2.0,0.6,1.0,-0.4
1208596,2024-11-02T15:15:00+00:00,140,2024,547,Girona,537,Leganes,True,W,3,4,3,1,5.0,1.0,2.0,2.0,0.6,0.8,-0.2
1208603,2024-11-10T17:30:00+00:00,140,2024,547,Girona,546,Getafe,False,W,3,1,0,1,7.0,2.0,1.0,2.0,1.4,1.4,0.0
1212923,2024-11-23T17:30:00+00:00,140,2024,547,Girona,540,Espanyol,True,W,3,4,1,3,9.0,3.0,0.0,2.0,1.4,1.2,0.2
1208627,2024-12-01T13:00:00+00:00,140,2024,547,Girona,533,Villarreal,False,D,1,2,2,0,9.0,3.0,0.0,2.0,1.8,1.2,0.6
1208632,2024-12-07T20:00:00+00:00,140,2024,547,Girona,541,Real Madrid,True,L,0,0,3,-3,10.0,3.0,1.0,1.0,2.2,1.4,0.8
1208644,2024-12-14T15:15:00+00:00,140,2024,547,Girona,798,Mallorca,False,L,0,1,2,-1,10.0,3.0,1.0,1.0,2.2,1.8,0.4
1208650,2024-12-20T20:00:00+00:00,140,2024,547,Girona,720,Valladolid,True,W,3,3,0,3,7.0,2.0,1.0,2.0,1.6,1.6,0.0
1208660,2025-01-11T13:00:00+00:00,140,2024,547,Girona,542,Alaves,False,W,3,1,0,1,7.0,2.0,1.0,2.0,2.0,1.6,0.4
1208665,2025-01-18T13:00:00+00:00,140,2024,547,Girona,536,Sevilla,True,L,0,1,2,-1,7.0,2.0,1.0,2.0,1.4,1.4,0.0
1208681,2025-01-26T13:00:00+00:00,140,2024,547,Girona,728,Rayo Vallecano,False,L,0,1,2,-1,6.0,2.0,0.0,3.0,1.2,1.4,-0.2
1208685,2025-02-03T20:00:00+00:00,140,2024,547,Girona,534,Las Palmas,True,W,3,2,1,1,6.0,2.0,0.0,3.0,1.4,1.2,0.2
1208692,2025-02-08T15:15:00+00:00,140,2024,547,Girona,531,Athletic Club,False,L,0,0,3,-3,9.0,3.0,0.0,2.0,1.6,1.0,0.6
1208705,2025-02-14T20:00:00+00:00,140,2024,547,Girona,546,Getafe,True,L,0,1,2,-1,6.0,2.0,0.0,3.0,1.0,1.6,-0.6
1208716,2025-02-23T15:15:00+00:00,140,2024,547,Girona,541,Real Madrid,False,L,0,0,2,-2,3.0,1.0,0.0,4.0,1.0,2.0,-1.0
1208724,2025-03-01T13:00:00+00:00,140,2024,547,Girona,538,Celta Vigo,True,D,1,2,2,0,3.0,1.0,0.0,4.0,0.8,2.0,-1.2
1212936,2025-03-10T20:00:00+00:00,140,2024,547,Girona,540,Espanyol,False,D,1,1,1,0,4.0,1.0,1.0,3.0,1.0,2.0,-1.0
1208738,2025-03-15T20:00:00+00:00,140,2024,547,Girona,532,Valencia,True,D,1,1,1,0,2.0,0.0,2.0,3.0,0.8,2.0,-1.2
1208747,2025-03-30T14:15:00+00:00,140,2024,547,Girona,529,Barcelona,False,L,0,1,4,-3,3.0,0.0,3.0,2.0,1.0,1.6,-0.6
1208763,2025-04-05T12:00:00+00:00,140,2024,547,Girona,542,Alaves,True,L,0,0,1,-1,3.0,0.0,3.0,2.0,1.0,2.0,-1.0
1208770,2025-04-13T12:00:00+00:00,140,2024,547,Girona,727,Osasuna,False,L,0,1,2,-1,3.0,0.0,3.0,2.0,1.0,1.8,-0.8
1208777,2025-04-21T19:00:00+00:00,140,2024,547,Girona,543,Real Betis,True,L,0,1,3,-2,2.0,0.0,2.0,3.0,0.8,1.8,-1.0
1208790,2025-04-24T17:00:00+00:00,140,2024,547,Girona,537,Leganes,False,D,1,1,1,0,1.0,0.0,1.0,4.0,0.8,2.2,-1.4
1208791,2025-05-05T19:00:00+00:00,140,2024,547,Girona,798,Mallorca,True,W,3,1,0,1,1.0,0.0,1.0,4.0,0.8,2.2,-1.4
1208804,2025-05-10T16:30:00+00:00,140,2024,547,Girona,533,Villarreal,True,L,0,0,1,-1,4.0,1.0,1.0,3.0,0.8,1.4,-0.6
1208814,2025-05-13T17:00:00+00:00,140,2024,547,Girona,720,Valladolid,False,W,3,1,0,1,4.0,1.0,1.0,3.0,0.8,1.4,-0.6
1208823,2025-05-18T17:00:00+00:00,140,2024,547,Girona,548,Real Sociedad,False,L,0,2,3,-1,7.0,2.0,1.0,2.0,0.8,1.0,-0.2
1208832,2025-05-25T12:00:00+00:00,140,2024,547,Girona,530,Atletico Madrid,True,L,0,0,4,-4,7.0,2.0,1.0,2.0,1.0,1.0,0.0
1208500,2024-08-18T17:00:00+00:00,140,2024,548,Real Sociedad,728,Rayo Vallecano,True,L,0,1,2,-1,,,,,,,
1212911,2024-08-24T19:30:00+00:00,140,2024,548,Real Sociedad,540,Espanyol,False,W,3,1,0,1,0.0,0.0,0.0,1.0,1.0,2.0,-1.0
1208519,2024-08-28T19:30:00+00:00,140,2024,548,Real Sociedad,542,Alaves,True,L,0,1,2,-1,3.0,1.0,0.0,1.0,1.0,1.0,0.0
1208523,2024-09-01T17:15:00+00:00,140,2024,548,Real Sociedad,546,Getafe,False,D,1,0,0,0,3.0,1.0,0.0,2.0,1.0,1.3333333333333333,-0.3333333333333333
1208538,2024-09-14T19:00:00+00:00,140,2024,548,Real Sociedad,541,Real Madrid,True,L,0,0,2,-2,4.0,1.0,1.0,2.0,0.75,1.0,-0.25
1208550,2024-09-17T17:00:00+00:00,140,2024,548,Real Sociedad,798,Mallorca,False,L,0,0,1,-1,4.0,1.0,1.0,3.0,0.6,1.2,-0.6
1208546,2024-09-21T12:00:00+00:00,140,2024,548,Real Sociedad,720,Valladolid,False,D,1,0,0,0,4.0,1.0,1.0,3.0,0.4,1.0,-0.6
1208560,2024-09-28T16:30:00+00:00,140,2024,548,Real Sociedad,532,Valencia,True,W,3,3,0,3,2.0,0.0,2.0,3.0,0.2,1.0,-0.8
1208571,2024-10-06T19:00:00+00:00,140,2024,548,Real Sociedad,530,Atletico Madrid,True,D,1,1,1,0,5.0,1.0,2.0,2.0,0.6,0.6,0.0
1208578,2024-10-19T16:30:00+00:00,140,2024,548,Real Sociedad,547,Girona,False,W,3,1,0,1,5.0,1.0,2.0,2.0,0.8,0.8,0.0
1208590,2024-10-27T20:00:00+00:00,140,2024,548,Real Sociedad,727,Osasuna,True,L,0,0,2,-2,8.0,2.0,2.0,1.0,1.0,0.4,0.6
1208601,2024-11-03T17:30:00+00:00,140,2024,548,Real Sociedad,536,Sevilla,False,W,3,2,0,2,8.0,2.0,2.0,1.0,1.0,0.6,0.4
1208607,2024-11-10T20:00:00+00:00,140,2024,548,Real Sociedad,529,Barcelona,True,W,3,1,0,1,10.0,3.0,1.0,1.0,1.4,0.6,0.8
1208611,2024-11-24T20:00:00+00:00,140,2024,548,Real Sociedad,531,Athletic Club,False,L,0,0,1,-1,10.0,3.0,1.0,1.0,1.0,0.6,0.4
1208625,2024-12-01T20:00:00+00:00,140,2024,548,Real Sociedad,543,Real Betis,True,W,3,2,0,2,9.0,3.0,0.0,2.0,0.8,0.6,0.2
1208634,2024-12-08T13:00:00+00:00,140,2024,548,Real Sociedad,537,Leganes,False,W,3,3,0,3,9.0,3.0,0.0,2.0,1.0,0.6,0.4
1208646,2024-12-15T17:30:00+00:00,140,2024,548,Real Sociedad,534,Las Palmas,True,D,1,0,0,0,12.0,4.0,0.0,1.0,1.6,0.2,1.4
1208648,2024-12-21T15:15:00+00:00,140,2024,548,Real Sociedad,538,Celta Vigo,False,L,0,0,2,-2,10.0,3.0,1.0,1.0,1.2,0.2,1.0
1208658,2025-01-13T20:00:00+00:00,140,2024,548,Real Sociedad,533,Villarreal,True,W,3,1,0,1,7.0,2.0,1.0,2.0,1.0,0.6,0.4
1208671,2025-01-19T20:00:00+00:00,140,2024,548,Real Sociedad,532,Valencia,False,L,0,0,1,-1,10.0,3.0,1.0,1.0,1.2,0.4,0.8
1208680,2025-01-26T15:15:00+00:00,140,2024,548,Real Sociedad,546,Getafe,True,L,0,0,3,-3,7.0,2.0,1.0,2.0,0.8,0.6,0.2
1208686,2025-02-02T17:30:00+00:00,140,2024,548,Real Sociedad,727,Osasuna,False,L,0,1,2,-1,4.0,1.0,1.0,3.0,0.2,1.2,-1.0
1212932,2025-02-09T17:30:00+00:00,140,2024,548,Real Sociedad,540,Espanyol,True,W,3,2,1,1,3.0,1.0,0.0,4.0,0.4,1.6,-1.2
1208703,2025-02-16T20:00:00+00:00,140,2024,548,Real Sociedad,543,Real Betis,False,L,0,0,3,-3,6.0,2.0,0.0,3.0,0.8,1.4,-0.6
1208718,2025-02-23T20:00:00+00:00,140,2024,548,Real Sociedad,537,Leganes,True,W,3,3,0,3,3.0,1.0,0.0,4.0,0.6,2.0,-1.4
1208719,2025-03-02T15:15:00+00:00,140,2024,548,Real Sociedad,529,Barcelona,False,L,0,0,4,-4,6.0,2.0,0.0,3.0,1.2,1.8,-0.6
1208732,2025-03-09T20:00:00+00:00,140,2024,548,Real Sociedad,536,Sevilla,True,L,0,0,1,-1,6.0,2.0,0.0,3.0,1.2,2.0,-0.8
1208739,2025-03-16T17:30:00+00:00,140,2024,548,Real Sociedad,728,Rayo Vallecano,False,D,1,2,2,0,6.0,2.0,0.0,3.0,1.0,1.8,-0.8
1208751,2025-03-29T13:00:00+00:00,140,2024,548,Real Sociedad,720,Valladolid,True,W,3,2,1,1,4.0,1.0,1.0,3.0,1.0,2.0,-1.0
1208757,2025-04-06T12:00:00+00:00,140,2024,548,Real Sociedad,534,Las Palmas,False,W,3,3,1,2,7.0,2.0,1.0,2.0,1.4,1.6,-0.2
1208771,2025-04-12T12:00:00+00:00,140,2024,548,Real Sociedad,798,Mallorca,True,L,0,0,2,-2,7.0,2.0,1.0,2.0,1.4,1.8,-0.4
1208779,2025-04-20T14:15:00+00:00,140,2024,548,Real Sociedad,533,Villarreal,False,D,1,2,2,0,7.0,2.0,1.0,2.0,1.4,1.4,0.0
1208789,2025-04-23T19:30:00+00:00,140,2024,548,Real Sociedad,542,Alaves,False,L,0,0,1,-1,8.0,2.0,2.0,1.0,1.8,1.6,0.2
1208794,2025-05-04T19:00:00+00:00,140,2024,548,Real Sociedad,531,Athletic Club,True,D,1,0,0,0,7.0,2.0,1.0,2.0,1.4,1.4,0.0
1208800,2025-05-10T19:00:00+00:00,140,2024,548,Real Sociedad,530,Atletico Madrid,False,L,0,0,4,-4,5.0,1.0,2.0,2.0,1.0,1.2,-0.2
1208813,2025-05-13T18:00:00+00:00,140,2024,548,Real Sociedad,538,Celta Vigo,True,L,0,0,1,-1,2.0,0.0,2.0,3.0,0.4,1.8,-1.4
1208823,2025-05-18T17:00:00+00:00,140,2024,548,Real Sociedad,547,Girona,True,W,3,3,2,1,2.0,0.0,2.0,3.0,0.4,1.6,-1.2
1208829,2025-05-24T14:15:00+00:00,140,2024,548,Real Sociedad,541,Real Madrid,False,L,0,0,2,-2,4.0,1.0,1.0,3.0,0.6,1.6,-1.0
1212910,2024-08-19T17:00:00+00:00,140,2024,720,Valladolid,540,Espanyol,True,W,3,1,0,1,,,,,,,
1208506,2024-08-25T15:00:00+00:00,140,2024,720,Valladolid,541,Real Madrid,False,L,0,0,3,-3,3.0,1.0,0.0,0.0,1.0,0.0,1.0
1208520,2024-08-28T17:00:00+00:00,140,2024,720,Valladolid,537,Leganes,True,D,1,0,0,0,3.0,1.0,0.0,1.0,0.5,1.5,-1.0
1208522,2024-08-31T15:00:00+00:00,140,2024,720,Valladolid,529,Barcelona,False,L,0,0,7,-7,4.0,1.0,1.0,1.0,0.3333333333333333,1.0,-0.6666666666666666
1208532,2024-09-15T12:00:00+00:00,140,2024,720,Valladolid,538,Celta Vigo,False,L,0,1,3,-2,4.0,1.0,1.0,2.0,0.25,2.5,-2.25
1208546,2024-09-21T12:00:00+00:00,140,2024,720,Valladolid,548,Real Sociedad,True,D,1,0,0,0,4.0,1.0,1.0,3.0,0.4,2.6,-2.2
1208551,2024-09-24T17:00:00+00:00,140,2024,720,Valladolid,536,Sevilla,False,L,0,1,2,-1,2.0,0.0,2.0,3.0,0.2,2.6,-2.4
1208562,2024-09-27T19:00:00+00:00,140,2024,720,Valladolid,798,Mallorca,True,L,0,1,2,-1,2.0,0.0,2.0,3.0,0.4,2.4,-2.0
1208574,2024-10-05T16:30:00+00:00,140,2024,720,Valladolid,728,Rayo Vallecano,True,L,0,1,2,-1,1.0,0.0,1.0,4.0,0.6,2.8,-2.2
1208580,2024-10-18T19:00:00+00:00,140,2024,720,Valladolid,542,Alaves,False,W,3,3,2,1,1.0,0.0,1.0,4.0,0.8,1.8,-1.0
1208591,2024-10-26T12:00:00+00:00,140,2024,720,Valladolid,533,Villarreal,True,L,0,1,2,-1,4.0,1.0,1.0,3.0,1.2,1.6,-0.4
1208597,2024-11-02T13:00:00+00:00,140,2024,720,Valladolid,727,Osasuna,False,L,0,0,1,-1,3.0,1.0,0.0,4.0,1.4,2.0,-0.6
1208605,2024-11-10T17:30:00+00:00,140,2024,720,Valladolid,531,Athletic Club,True,D,1,1,1,0,3.0,1.0,0.0,4.0,1.2,1.8,-0.6
1208612,2024-11-22T20:00:00+00:00,140,2024,720,Valladolid,546,Getafe,False,L,0,0,2,-2,4.0,1.0,1.0,3.0,1.2,1.6,-0.4
1208624,2024-11-30T20:00:00+00:00,140,2024,720,Valladolid,530,Atletico Madrid,True,L,0,0,5,-5,4.0,1.0,1.0,3.0,1.0,1.6,-0.6
1208633,2024-12-07T13:00:00+00:00,140,2024,720,Valladolid,534,Las Palmas,False,L,0,1,2,-1,1.0,0.0,1.0,4.0,0.4,2.2,-1.8
1208645,2024-12-13T20:00:00+00:00,140,2024,720,Valladolid,532,Valencia,True,W,3,1,0,1,1.0,0.0,1.0,4.0,0.4,2.2,-1.8
1208650,2024-12-20T20:00:00+00:00,140,2024,720,Valladolid,547,Girona,False,L,0,0,3,-3,4.0,1.0,1.0,3.0,0.6,2.0,-1.4
1208662,2025-01-11T15:15:00+00:00,140,2024,720,Valladolid,543,Real Betis,True,W,3,1,0,1,3.0,1.0,0.0,4.0,0.4,2.4,-2.0
1212929,2025-01-17T20:00:00+00:00,140,2024,720,Valladolid,540,Espanyol,False,L,0,1,2,-1,6.0,2.0,0.0,3.0,0.6,2.0,-1.4
1208682,2025-01-25T20:00:00+00:00,140,2024,720,Valladolid,541,Real Madrid,True,L,0,0,3,-3,6.0,2.0,0.0,3.0,0.8,1.4,-0.6
1208687,2025-02-01T15:15:00+00:00,140,2024,720,Valladolid,533,Villarreal,False,L,0,1,5,-4,6.0,2.0,0.0,3.0,0.6,1.6,-1.0
1208694,2025-02-07T20:00:00+00:00,140,2024,720,Valladolid,728,Rayo Vallecano,False,L,0,0,1,-1,3.0,1.0,0.0,4.0,0.6,2.6,-2.0
1208706,2025-02-16T15:15:00+00:00,140,2024,720,Valladolid,536,Sevilla,True,L,0,0,4,-4,3.0,1.0,0.0,4.0,0.6,2.2,-1.6
1208710,2025-02-23T13:00:00+00:00,140,2024,720,Valladolid,531,Athletic Club,False,L,0,1,7,-6,0.0,0.0,0.0,5.0,0.4,3.0,-2.6
1208726,2025-02-28T20:00:00+00:00,140,2024,720,Valladolid,534,Las Palmas,True,D,1,1,1,0,0.0,0.0,0.0,5.0,0.4,4.0,-3.6
1208733,2025-03-08T17:30:00+00:00,140,2024,720,Valladolid,532,Valencia,False,L,0,1,2,-1,1.0,0.0,1.0,4.0,0.6,3.6,-3.0
1208742,2025-03-15T13:00:00+00:00,140,2024,720,Valladolid,538,Celta Vigo,True,L,0,0,1,-1,1.0,0.0,1.0,4.0,0.6,3.0,-2.4
1208751,2025-03-29T13:00:00+00:00,140,2024,720,Valladolid,548,Real Sociedad,False,L,0,1,2,-1,1.0,0.0,1.0,4.0,0.6,3.0,-2.4
1208762,2025-04-06T16:30:00+00:00,140,2024,720,Valladolid,546,Getafe,True,L,0,0,4,-4,1.0,0.0,1.0,4.0,0.8,2.6,-1.8
1208765,2025-04-14T19:00:00+00:00,140,2024,720,Valladolid,530,Atletico Madrid,False,L,0,2,4,-2,1.0,0.0,1.0,4.0,0.6,2.0,-1.4
1208778,2025-04-20T12:00:00+00:00,140,2024,720,Valladolid,727,Osasuna,True,L,0,2,3,-1,0.0,0.0,0.0,5.0,0.8,2.6,-1.8
1208785,2025-04-24T19:30:00+00:00,140,2024,720,Valladolid,543,Real Betis,False,L,0,1,5,-4,0.0,0.0,0.0,5.0,1.0,2.8,-1.8
1208795,2025-05-03T19:00:00+00:00,140,2024,720,Valladolid,529,Barcelona,True,L,0,1,2,-1,0.0,0.0,0.0,5.0,1.2,3.6,-2.4
1208805,2025-05-10T16:30:00+00:00,140,2024,720,Valladolid,798,Mallorca,False,L,0,1,2,-1,0.0,0.0,0.0,5.0,1.2,3.6,-2.4
1208814,2025-05-13T17:00:00+00:00,140,2024,720,Valladolid,547,Girona,True,L,0,0,1,-1,0.0,0.0,0.0,5.0,1.4,3.2,-1.8
1208825,2025-05-18T17:00:00+00:00,140,2024,720,Valladolid,542,Alaves,True,L,0,0,1,-1,0.0,0.0,0.0,5.0,1.0,2.6,-1.6
1208831,2025-05-24T16:30:00+00:00,140,2024,720,Valladolid,537,Leganes,False,L,0,0,3,-3,0.0,0.0,0.0,5.0,0.6,2.2,-1.6
1208502,2024-08-17T17:00:00+00:00,140,2024,727,Osasuna,537,Leganes,True,D,1,1,1,0,,,,,,,
1208511,2024-08-24T15:00:00+00:00,140,2024,727,Osasuna,798,Mallorca,True,W,3,1,0,1,1.0,0.0,1.0,0.0,1.0,1.0,0.0
1208514,2024-08-29T17:00:00+00:00,140,2024,727,Osasuna,547,Girona,False,L,0,0,4,-4,4.0,1.0,1.0,0.0,1.0,0.5,0.5
1208528,2024-09-01T15:00:00+00:00,140,2024,727,Osasuna,538,Celta Vigo,True,W,3,3,2,1,4.0,1.0,1.0,1.0,0.6666666666666666,1.6666666666666667,-1.0
1208537,2024-09-16T19:00:00+00:00,140,2024,727,Osasuna,728,Rayo Vallecano,False,L,0,1,3,-2,7.0,2.0,1.0,1.0,1.25,1.75,-0.5
1208547,2024-09-21T14:15:00+00:00,140,2024,727,Osasuna,534,Las Palmas,True,W,3,2,1,1,7.0,2.0,1.0,2.0,1.2,2.0,-0.8
1208555,2024-09-24T17:00:00+00:00,140,2024,727,Osasuna,532,Valencia,False,D,1,0,0,0,9.0,3.0,0.0,2.0,1.4,2.0,-0.6
1208561,2024-09-28T19:00:00+00:00,140,2024,727,Osasuna,529,Barcelona,True,W,3,4,2,2,7.0,2.0,1.0,2.0,1.2,2.0,-0.8
1208566,2024-10-05T14:15:00+00:00,140,2024,727,Osasuna,546,Getafe,False,D,1,1,1,0,10.0,3.0,1.0,1.0,2.0,1.6,0.4
1208581,2024-10-19T14:15:00+00:00,140,2024,727,Osasuna,543,Real Betis,True,L,0,1,2,-1,8.0,2.0,2.0,1.0,1.6,1.4,0.2
1208590,2024-10-27T20:00:00+00:00,140,2024,727,Osasuna,548,Real Sociedad,False,W,3,2,0,2,8.0,2.0,2.0,1.0,1.6,1.2,0.4
1208597,2024-11-02T13:00:00+00:00,140,2024,727,Osasuna,720,Valladolid,True,W,3,1,0,1,8.0,2.0,2.0,1.0,1.6,1.0,0.6
1208608,2024-11-09T13:00:00+00:00,140,2024,727,Osasuna,541,Real Madrid,False,L,0,0,4,-4,10.0,3.0,1.0,1.0,1.8,1.0,0.8
1208613,2024-11-24T13:00:00+00:00,140,2024,727,Osasuna,533,Villarreal,True,D,1,2,2,0,7.0,2.0,1.0,2.0,1.0,1.4,-0.4
1208628,2024-12-02T20:00:00+00:00,140,2024,727,Osasuna,536,Sevilla,False,D,1,1,1,0,7.0,2.0,1.0,2.0,1.2,1.6,-0.4
1208637,2024-12-08T17:30:00+00:00,140,2024,727,Osasuna,542,Alaves,True,D,1,2,2,0,8.0,2.0,2.0,1.0,1.2,1.4,-0.2
1212926,2024-12-14T13:00:00+00:00,140,2024,727,Osasuna,540,Espanyol,False,D,1,0,0,0,6.0,1.0,3.0,1.0,1.2,1.8,-0.6
1208653,2024-12-21T17:30:00+00:00,140,2024,727,Osasuna,531,Athletic Club,True,L,0,1,2,-1,4.0,0.0,4.0,1.0,1.0,1.8,-0.8
1208657,2025-01-12T15:15:00+00:00,140,2024,727,Osasuna,530,Atletico Madrid,False,L,0,0,1,-1,4.0,0.0,4.0,1.0,1.2,1.4,-0.2
1208666,2025-01-19T17:30:00+00:00,140,2024,727,Osasuna,728,Rayo Vallecano,True,D,1,1,1,0,3.0,0.0,3.0,2.0,0.8,1.2,-0.4
1208677,2025-01-24T20:00:00+00:00,140,2024,727,Osasuna,534,Las Palmas,False,D,1,1,1,0,3.0,0.0,3.0,2.0,0.8,1.2,-0.4
1208686,2025-02-02T17:30:00+00:00,140,2024,727,Osasuna,548,Real Sociedad,True,W,3,2,1,1,3.0,0.0,3.0,2.0,0.6,1.0,-0.4
1208693,2025-02-10T20:00:00+00:00,140,2024,727,Osasuna,798,Mallorca,False,D,1,1,1,0,5.0,1.0,2.0,2.0,1.0,1.2,-0.2
1208704,2025-02-15T15:15:00+00:00,140,2024,727,Osasuna,541,Real Madrid,True,D,1,1,1,0,6.0,1.0,3.0,1.0,1.0,1.0,0.0
1208711,2025-02-21T20:00:00+00:00,140,2024,727,Osasuna,538,Celta Vigo,False,L,0,0,1,-1,7.0,1.0,4.0,0.0,1.2,1.0,0.2
1208721,2025-03-02T20:00:00+00:00,140,2024,727,Osasuna,532,Valencia,True,D,1,3,3,0,6.0,1.0,3.0,1.0,1.0,1.0,0.0
1208743,2025-03-16T17:30:00+00:00,140,2024,727,Osasuna,546,Getafe,True,L,0,1,2,-1,6.0,1.0,3.0,1.0,1.4,1.4,0.0
1208729,2025-03-27T20:00:00+00:00,140,2024,727,Osasuna,529,Barcelona,False,L,0,0,3,-3,3.0,0.0,3.0,2.0,1.2,1.6,-0.4
1208746,2025-03-30T16:30:00+00:00,140,2024,727,Osasuna,531,Athletic Club,False,D,1,0,0,0,2.0,0.0,2.0,3.0,1.0,2.0,-1.0
1208758,2025-04-07T19:00:00+00:00,140,2024,727,Osasuna,537,Leganes,False,D,1,1,1,0,2.0,0.0,2.0,3.0,0.8,1.8,-1.0
1208770,2025-04-13T12:00:00+00:00,140,2024,727,Osasuna,547,Girona,True,W,3,2,1,1,3.0,0.0,3.0,2.0,1.0,1.8,-0.8
1208778,2025-04-20T12:00:00+00:00,140,2024,727,Osasuna,720,Valladolid,False,W,3,3,2,1,5.0,1.0,2.0,2.0,0.8,1.4,-0.6
1208788,2025-04-24T17:00:00+00:00,140,2024,727,Osasuna,536,Sevilla,True,W,3,1,0,1,8.0,2.0,2.0,1.0,1.2,1.4,-0.2
1208798,2025-05-03T14:15:00+00:00,140,2024,727,Osasuna,533,Villarreal,False,L,0,2,4,-2,11.0,3.0,2.0,0.0,1.4,0.8,0.6
1208802,2025-05-11T19:00:00+00:00,140,2024,727,Osasuna,543,Real Betis,False,D,1,1,1,0,10.0,3.0,1.0,1.0,1.8,1.6,0.2
1208811,2025-05-15T17:00:00+00:00,140,2024,727,Osasuna,530,Atletico Madrid,True,W,3,2,0,2,10.0,3.0,1.0,1.0,1.8,1.6,0.2
1212946,2025-05-18T17:00:00+00:00,140,2024,727,Osasuna,540,Espanyol,True,W,3,2,0,2,10.0,3.0,1.0,1.0,1.8,1.4,0.4
1208830,2025-05-24T19:00:00+00:00,140,2024,727,Osasuna,542,Alaves,False,D,1,1,1,0,10.0,3.0,1.0,1.0,1.6,1.0,0.6
1208500,2024-08-18T17:00:00+00:00,140,2024,728,Rayo Vallecano,548,Real Sociedad,False,W,3,2,1,1,,,,,,,
1208505,2024-08-24T19:30:00+00:00,140,2024,728,Rayo Vallecano,546,Getafe,False,D,1,0,0,0,3.0,1.0,0.0,0.0,2.0,1.0,1.0
1208517,2024-08-27T19:30:00+00:00,140,2024,728,Rayo Vallecano,529,Barcelona,True,L,0,1,2,-1,4.0,1.0,1.0,0.0,1.0,0.5,0.5
1212913,2024-08-31T17:15:00+00:00,140,2024,728,Rayo Vallecano,540,Espanyol,False,L,0,1,2,-1,4.0,1.0,1.0,1.0,1.0,1.0,0.0
1208537,2024-09-16T19:00:00+00:00,140,2024,728,Rayo Vallecano,727,Osasuna,True,W,3,3,1,2,4.0,1.0,1.0,2.0,1.0,1.25,-0.25
1208543,2024-09-22T19:00:00+00:00,140,2024,728,Rayo Vallecano,530,Atletico Madrid,True,D,1,1,1,0,7.0,2.0,1.0,2.0,1.4,1.2,0.2
1208549,2024-09-25T17:00:00+00:00,140,2024,728,Rayo Vallecano,547,Girona,False,D,1,0,0,0,5.0,1.0,2.0,2.0,1.2,1.2,0.0
1208565,2024-09-28T14:15:00+00:00,140,2024,728,Rayo Vallecano,537,Leganes,True,D,1,1,1,0,5.0,1.0,2.0,2.0,1.2,1.2,0.0
1208574,2024-10-05T16:30:00+00:00,140,2024,728,Rayo Vallecano,720,Valladolid,False,W,3,2,1,1,6.0,1.0,3.0,1.0,1.2,1.0,0.2
1208579,2024-10-20T12:00:00+00:00,140,2024,728,Rayo Vallecano,798,Mallorca,False,L,0,0,1,-1,9.0,2.0,3.0,0.0,1.4,0.8,0.6
1208592,2024-10-26T14:15:00+00:00,140,2024,728,Rayo Vallecano,542,Alaves,True,W,3,1,0,1,6.0,1.0,3.0,1.0,0.8,0.8,0.0
1208609,2024-11-08T20:00:00+00:00,140,2024,728,Rayo Vallecano,534,Las Palmas,True,L,0,1,3,-2,8.0,2.0,2.0,1.0,0.8,0.6,0.2
1208618,2024-11-24T15:15:00+00:00,140,2024,728,Rayo Vallecano,536,Sevilla,False,L,0,0,1,-1,7.0,2.0,1.0,2.0,1.0,1.2,-0.2
1208623,2024-12-01T17:30:00+00:00,140,2024,728,Rayo Vallecano,531,Athletic Club,True,L,0,1,2,-1,6.0,2.0,0.0,3.0,0.8,1.2,-0.4
1208636,2024-12-07T17:30:00+00:00,140,2024,728,Rayo Vallecano,532,Valencia,False,W,3,1,0,1,3.0,1.0,0.0,4.0,0.6,1.4,-0.8
1208640,2024-12-14T20:00:00+00:00,140,2024,728,Rayo Vallecano,541,Real Madrid,True,D,1,3,3,0,6.0,2.0,0.0,3.0,0.8,1.2,-0.4
1208599,2024-12-18T20:30:00+00:00,140,2024,728,Rayo Vallecano,533,Villarreal,False,D,1,1,1,0,4.0,1.0,1.0,3.0,1.2,1.8,-0.6
1208647,2024-12-22T20:00:00+00:00,140,2024,728,Rayo Vallecano,543,Real Betis,False,D,1,1,1,0,5.0,1.0,2.0,2.0,1.2,1.4,-0.2
1208663,2025-01-10T20:00:00+00:00,140,2024,728,Rayo Vallecano,538,Celta Vigo,True,W,3,2,1,1,6.0,1.0,3.0,1.0,1.4,1.4,0.0
1208666,2025-01-19T17:30:00+00:00,140,2024,728,Rayo Vallecano,727,Osasuna,False,D,1,1,1,0,9.0,2.0,3.0,0.0,1.6,1.2,0.4
1208681,2025-01-26T13:00:00+00:00,140,2024,728,Rayo Vallecano,547,Girona,True,W,3,2,1,1,7.0,1.0,4.0,0.0,1.6,1.4,0.2
1208688,2025-01-31T20:00:00+00:00,140,2024,728,Rayo Vallecano,537,Leganes,False,W,3,1,0,1,9.0,2.0,3.0,0.0,1.4,1.0,0.4
1208694,2025-02-07T20:00:00+00:00,140,2024,728,Rayo Vallecano,720,Valladolid,True,W,3,1,0,1,11.0,3.0,2.0,0.0,1.4,0.8,0.6
1208702,2025-02-17T20:00:00+00:00,140,2024,728,Rayo Vallecano,529,Barcelona,False,L,0,0,1,-1,13.0,4.0,1.0,0.0,1.4,0.6,0.8
1208712,2025-02-22T15:15:00+00:00,140,2024,728,Rayo Vallecano,533,Villarreal,True,L,0,0,1,-1,10.0,3.0,1.0,1.0,1.0,0.6,0.4
1208722,2025-03-01T15:15:00+00:00,140,2024,728,Rayo Vallecano,536,Sevilla,True,D,1,1,1,0,9.0,3.0,0.0,2.0,0.8,0.6,0.2
1208736,2025-03-09T15:15:00+00:00,140,2024,728,Rayo Vallecano,541,Real Madrid,False,L,0,1,2,-1,7.0,2.0,1.0,2.0,0.6,0.6,0.0
1208739,2025-03-16T17:30:00+00:00,140,2024,728,Rayo Vallecano,548,Real Sociedad,True,D,1,2,2,0,4.0,1.0,1.0,3.0,0.6,1.0,-0.4
1208752,2025-03-29T17:30:00+00:00,140,2024,728,Rayo Vallecano,542,Alaves,False,W,3,2,0,2,2.0,0.0,2.0,3.0,0.8,1.4,-0.6
1212939,2025-04-04T19:00:00+00:00,140,2024,728,Rayo Vallecano,540,Espanyol,True,L,0,0,4,-4,5.0,1.0,2.0,2.0,1.2,1.2,0.0
1208764,2025-04-13T19:00:00+00:00,140,2024,728,Rayo Vallecano,531,Athletic Club,False,L,0,1,3,-2,5.0,1.0,2.0,2.0,1.2,1.8,-0.6
1208774,2025-04-19T12:00:00+00:00,140,2024,728,Rayo Vallecano,532,Valencia,True,D,1,1,1,0,4.0,1.0,1.0,3.0,1.2,2.2,-1.0
1208783,2025-04-24T19:30:00+00:00,140,2024,728,Rayo Vallecano,530,Atletico Madrid,False,L,0,0,3,-3,5.0,1.0,2.0,2.0,1.2,2.0,-0.8
1208797,2025-05-02T19:00:00+00:00,140,2024,728,Rayo Vallecano,546,Getafe,True,W,3,1,0,1,4.0,1.0,1.0,3.0,0.8,2.2,-1.4
1208806,2025-05-09T19:00:00+00:00,140,2024,728,Rayo Vallecano,534,Las Palmas,False,W,3,1,0,1,4.0,1.0,1.0,3.0,0.6,2.2,-1.6
1208812,2025-05-15T17:00:00+00:00,140,2024,728,Rayo Vallecano,543,Real Betis,True,D,1,2,2,0,7.0,2.0,1.0,2.0,0.8,1.4,-0.6
1208820,2025-05-18T17:00:00+00:00,140,2024,728,Rayo Vallecano,538,Celta Vigo,False,W,3,2,1,1,8.0,2.0,2.0,1.0,1.0,1.2,-0.2
1208834,2025-05-24T19:00:00+00:00,140,2024,728,Rayo Vallecano,798,Mallorca,True,D,1,0,0,0,10.0,3.0,1.0,1.0,1.2,1.2,0.0
1208496,2024-08-18T19:30:00+00:00,140,2024,798,Mallorca,541,Real Madrid,True,D,1,1,1,0,,,,,,,
1208511,2024-08-24T15:00:00+00:00,140,2024,798,Mallorca,727,Osasuna,False,L,0,0,1,-1,1.0,0.0,1.0,0.0,1.0,1.0,0.0
1208515,2024-08-27T17:00:00+00:00,140,2024,798,Mallorca,536,Sevilla,True,D,1,0,0,0,1.0,0.0,1.0,1.0,0.5,1.0,-0.5
1208526,2024-08-31T19:30:00+00:00,140,2024,798,Mallorca,537,Leganes,False,W,3,1,0,1,2.0,0.0,2.0,1.0,0.3333333333333333,0.6666666666666666,-0.3333333333333333
1208533,2024-09-14T12:00:00+00:00,140,2024,798,Mallorca,533,Villarreal,True,L,0,1,2,-1,5.0,1.0,2.0,1.0,0.5,0.5,0.0
1208550,2024-09-17T17:00:00+00:00,140,2024,798,Mallorca,548,Real Sociedad,True,W,3,1,0,1,5.0,1.0,2.0,2.0,0.6,0.8,-0.2
1208540,2024-09-23T19:00:00+00:00,140,2024,798,Mallorca,543,Real Betis,False,W,3,2,1,1,7.0,2.0,1.0,2.0,0.6,0.6,0.0
1208562,2024-09-27T19:00:00+00:00,140,2024,798,Mallorca,720,Valladolid,False,W,3,2,1,1,10.0,3.0,1.0,1.0,1.0,0.6,0.4
1212918,2024-10-05T12:00:00+00:00,140,2024,798,Mallorca,540,Espanyol,False,L,0,1,2,-1,12.0,4.0,0.0,1.0,1.4,0.8,0.6
1208579,2024-10-20T12:00:00+00:00,140,2024,798,Mallorca,728,Rayo Vallecano,True,W,3,1,0,1,9.0,3.0,0.0,2.0,1.4,1.2,0.2
1208585,2024-10-28T20:00:00+00:00,140,2024,798,Mallorca,531,Athletic Club,True,D,1,0,0,0,12.0,4.0,0.0,1.0,1.4,0.8,0.6
1208598,2024-11-01T20:00:00+00:00,140,2024,798,Mallorca,542,Alaves,False,L,0,0,1,-1,10.0,3.0,1.0,1.0,1.2,0.8,0.4
1208606,2024-11-10T15:15:00+00:00,140,2024,798,Mallorca,530,Atletico Madrid,True,L,0,0,1,-1,7.0,2.0,1.0,2.0,0.8,0.8,0.0
1208614,2024-11-23T17:30:00+00:00,140,2024,798,Mallorca,534,Las Palmas,False,W,3,3,2,1,4.0,1.0,1.0,3.0,0.4,0.8,-0.4
1208621,2024-11-29T20:00:00+00:00,140,2024,798,Mallorca,532,Valencia,True,W,3,2,1,1,7.0,2.0,1.0,2.0,0.8,0.8,0.0
1208661,2024-12-03T18:00:00+00:00,140,2024,798,Mallorca,529,Barcelona,True,L,0,1,5,-4,7.0,2.0,1.0,2.0,1.0,1.0,0.0
1208631,2024-12-06T20:00:00+00:00,140,2024,798,Mallorca,538,Celta Vigo,False,L,0,0,2,-2,6.0,2.0,0.0,3.0,1.2,2.0,-0.8
1208644,2024-12-14T15:15:00+00:00,140,2024,798,Mallorca,547,Girona,True,W,3,2,1,1,6.0,2.0,0.0,3.0,1.2,2.2,-1.0
1208649,2024-12-21T13:00:00+00:00,140,2024,798,Mallorca,546,Getafe,False,W,3,1,0,1,9.0,3.0,0.0,2.0,1.6,2.2,-0.6
1208670,2025-01-20T20:00:00+00:00,140,2024,798,Mallorca,533,Villarreal,False,L,0,0,4,-4,9.0,3.0,0.0,2.0,1.2,1.8,-0.6
1208679,2025-01-25T13:00:00+00:00,140,2024,798,Mallorca,543,Real Betis,True,L,0,0,1,-1,6.0,2.0,0.0,3.0,0.8,2.4,-1.6
1208683,2025-02-01T17:30:00+00:00,140,2024,798,Mallorca,530,Atletico Madrid,False,L,0,0,2,-2,6.0,2.0,0.0,3.0,0.6,1.6,-1.0
1208693,2025-02-10T20:00:00+00:00,140,2024,798,Mallorca,727,Osasuna,True,D,1,1,1,0,6.0,2.0,0.0,3.0,0.6,1.6,-1.0
1208708,2025-02-16T17:30:00+00:00,140,2024,798,Mallorca,534,Las Palmas,True,W,3,3,1,2,4.0,1.0,1.0,3.0,0.4,1.6,-1.2
1208717,2025-02-24T20:00:00+00:00,140,2024,798,Mallorca,536,Sevilla,False,D,1,1,1,0,4.0,1.0,1.0,3.0,0.8,1.8,-1.0
1208727,2025-03-02T17:30:00+00:00,140,2024,798,Mallorca,542,Alaves,True,D,1,1,1,0,5.0,1.0,2.0,2.0,1.0,1.2,-0.2
1208728,2025-03-09T17:30:00+00:00,140,2024,798,Mallorca,531,Athletic Club,False,D,1,1,1,0,6.0,1.0,3.0,1.0,1.2,1.2,0.0
1212937,2025-03-15T15:15:00+00:00,140,2024,798,Mallorca,540,Espanyol,True,W,3,2,1,1,7.0,1.0,4.0,0.0,1.4,1.0,0.4
1208753,2025-03-30T16:30:00+00:00,140,2024,798,Mallorca,532,Valencia,False,L,0,0,1,-1,9.0,2.0,3.0,0.0,1.6,1.0,0.6
1208761,2025-04-05T16:30:00+00:00,140,2024,798,Mallorca,538,Celta Vigo,True,L,0,1,2,-1,6.0,1.0,3.0,1.0,1.0,1.0,0.0
1208771,2025-04-12T12:00:00+00:00,140,2024,798,Mallorca,548,Real Sociedad,False,W,3,2,0,2,5.0,1.0,2.0,2.0,1.0,1.2,-0.2
1208781,2025-04-19T16:30:00+00:00,140,2024,798,Mallorca,537,Leganes,True,D,1,0,0,0,7.0,2.0,1.0,2.0,1.2,1.0,0.2
1208784,2025-04-22T19:30:00+00:00,140,2024,798,Mallorca,529,Barcelona,False,L,0,0,1,-1,7.0,2.0,1.0,2.0,1.0,0.8,0.2
1208791,2025-05-05T19:00:00+00:00,140,2024,798,Mallorca,547,Girona,False,L,0,0,1,-1,4.0,1.0,1.0,3.0,0.6,0.8,-0.2
1208805,2025-05-10T16:30:00+00:00,140,2024,798,Mallorca,720,Valladolid,True,W,3,2,1,1,4.0,1.0,1.0,3.0,0.6,0.8,-0.2
1208815,2025-05-14T19:30:00+00:00,140,2024,798,Mallorca,541,Real Madrid,False,L,0,1,2,-1,7.0,2.0,1.0,2.0,0.8,0.6,0.2
1208822,2025-05-18T17:00:00+00:00,140,2024,798,Mallorca,546,Getafe,True,L,0,1,2,-1,4.0,1.0,1.0,3.0,0.6,1.0,-0.4
1208834,2025-05-24T19:00:00+00:00,140,2024,798,Mallorca,728,Rayo Vallecano,False,D,1,0,0,0,3.0,1.0,0.0,4.0,0.8,1.4,-0.6
